/*
SQLyog Community v13.2.1 (64 bit)
MySQL - 8.0.32 : Database - cs6400_fa23_team011
*********************************************************************
*/

/*!40101 SET NAMES utf8 */;

/*!40101 SET SQL_MODE=''*/;

/*!40014 SET @OLD_UNIQUE_CHECKS=@@UNIQUE_CHECKS, UNIQUE_CHECKS=0 */;
/*!40014 SET @OLD_FOREIGN_KEY_CHECKS=@@FOREIGN_KEY_CHECKS, FOREIGN_KEY_CHECKS=0 */;
/*!40101 SET @OLD_SQL_MODE=@@SQL_MODE, SQL_MODE='NO_AUTO_VALUE_ON_ZERO' */;
/*!40111 SET @OLD_SQL_NOTES=@@SQL_NOTES, SQL_NOTES=0 */;
CREATE DATABASE /*!32312 IF NOT EXISTS*/`cs6400_fa23_team011` /*!40100 DEFAULT CHARACTER SET utf8mb4 COLLATE utf8mb4_unicode_ci */ /*!80016 DEFAULT ENCRYPTION='N' */;

USE `cs6400_fa23_team011`;


set foreign_key_checks=0;

/*Table structure for table `business_customer` */

DROP TABLE IF EXISTS `business_customer`;

CREATE TABLE `business_customer` (
  `cid_tax_number` varchar(50) CHARACTER SET utf8mb4 COLLATE utf8mb4_unicode_ci NOT NULL ,
  `business_name` varchar(50) CHARACTER SET utf8mb4 COLLATE utf8mb4_unicode_ci NOT NULL ,
  `contact_title` varchar(50) CHARACTER SET utf8mb4 COLLATE utf8mb4_unicode_ci NOT NULL ,
  `first_name` varchar(50) CHARACTER SET utf8mb4 COLLATE utf8mb4_unicode_ci NOT NULL ,
  `last_name` varchar(50) CHARACTER SET utf8mb4 COLLATE utf8mb4_unicode_ci NOT NULL ,
  PRIMARY KEY (`cid_tax_number`),
  CONSTRAINT `business_customer_ibfk_1` FOREIGN KEY (`cid_tax_number`) REFERENCES `customer` (`cid`)
) ENGINE=InnoDB DEFAULT CHARSET=utf8mb4 COLLATE=utf8mb4_unicode_ci;

/*Data for the table `business_customer` */

insert  into `business_customer`(`cid_tax_number`,`business_name`,`contact_title`,`first_name`,`last_name`) values 
('05-7673774','Kinnamplus','Senior Director M8','Leonida','Buzick'),
('06-8876566','Xx-zobam','Manager R6','Chau','Ragel'),
('07-2036529','Funholding','Fellow M2','Levi','Gellinger'),
('17-3450014','Dalttechnology','Associate Director M2','Lawrence','Steier'),
('18-3775909','Sonron','Manager M3','Ceola','Tollner'),
('20-2164350','Dalttechnology','Senior Manager L5','Willard','Jayson'),
('22-1607231','Openlane','SalesRep L1','Chanel','Maisto'),
('24-4045456','Dalttechnology','Senior Scientist R9','Louisa','Labreche'),
('29-6662491','Scottech','Director M1','Marti','Mccullan'),
('31-3545908','Opentech','Senior Manager R7','Fabiola','Toyama'),
('33-2934805','Condax','Senior Scientist M6','Jovita','Kolmetz'),
('35-9898298','Yearin','Scientist R3','Daniela','Blackwood'),
('43-3403883','Sunnamplex','SalesRep L5','Skye','Hudnall'),
('46-6607006','Streethex','Director R5','Rickie','Funnell'),
('46-7746081','Golddex','Senior Scientist M7','Gayla','Klonowski'),
('48-6768847','Hottechi','Fellow M7','Amber','Hughey'),
('49-0400043','Bioholding','Senior Manager R7','Francine','Devreese'),
('49-9516264','Kinnamplus','Associate Director M9','Kristeen','Blackwood'),
('50-0389893','Konex','Associate Fellow M8','Fletcher','Lipke'),
('50-9862780','Sumace','Researcher L1','Eun','Mondella'),
('51-0247747','Opentech','Associate Director R4','Margart','Juvera'),
('59-9733673','Zencorporation','Senior Scientist M1','Raul','Sarbacher'),
('62-4702974','Rundofase','Senior Director R3','Chaya','Wolfgramm'),
('64-7492958','Treequote','Manager R6','Weldon','Hamilton'),
('68-4606539','Treequote','Scientist R5','Delmy','Sweely'),
('72-6876442','Condax','Senior Director M8','Malcolm','Meisel'),
('72-7273493','Lexiqvolax','Associate Director R1','Eden','Cryer'),
('81-7754883','Toughzap','Manager M3','Alishia','Hiatt'),
('82-8184602','Newex','Manager R2','Yvonne','Gochal'),
('83-3496482','Plussunin','Fellow R2','Mattie','Kaniecki'),
('84-6387554','Rundofase','Senior Director L5','Willow','Tawil'),
('85-5840713','Groovestreet','Scientist M5','Margart','Kardas'),
('87-8575736','Plusstrip','SalesRep R2','Sylvia','Sahagun'),
('92-9016618','Openlane','Director R2','Fannie','Angalich'),
('94-6713384','Y-corporation','Executive Manager R9','Blondell','Silvestrini'),
('94-7914925','Fasehatice','Executive Manager R8','Allene','Denooyer'),
('96-6692589','Iselectrics','SalesRep M2','Danica','Skulski'),
('97-5522995','Donquadtech','Fellow R8','Lonna','Malet');

/*Table structure for table `color` */

DROP TABLE IF EXISTS `color`;

CREATE TABLE `color` (
  `vcolor` varchar(50) COLLATE utf8mb4_unicode_ci NOT NULL,
  PRIMARY KEY (`vcolor`)
) ENGINE=InnoDB DEFAULT CHARSET=utf8mb4 COLLATE=utf8mb4_unicode_ci;

/*Data for the table `color` */

insert  into `color`(`vcolor`) values 
('Aluminum'),
('Beige'),
('Black'),
('Blue'),
('Bronze'),
('Brown'),
('Claret'),
('Copper'),
('Cream'),
('Gold'),
('Gray'),
('Green'),
('Maroon'),
('Metallic'),
('Navy'),
('Orange'),
('Pink'),
('Purple'),
('Red'),
('Rose'),
('Rust'),
('Silver'),
('Tan'),
('Turquoise'),
('White'),
('Yellow');

/*Table structure for table `customer` */

DROP TABLE IF EXISTS `customer`;

CREATE TABLE `customer` (
  `cid` varchar(50) CHARACTER SET utf8mb4 COLLATE utf8mb4_unicode_ci NOT NULL ,
  `street` varchar(50) CHARACTER SET utf8mb4 COLLATE utf8mb4_unicode_ci NOT NULL ,
  `city` varchar(50) CHARACTER SET utf8mb4 COLLATE utf8mb4_unicode_ci NOT NULL ,
  `state` varchar(50) CHARACTER SET utf8mb4 COLLATE utf8mb4_unicode_ci NOT NULL ,
  `postal_code` varchar(50) CHARACTER SET utf8mb4 COLLATE utf8mb4_unicode_ci NOT NULL ,
  `phone` varchar(50) CHARACTER SET utf8mb4 COLLATE utf8mb4_unicode_ci NOT NULL ,
  `email` varchar(50) CHARACTER SET utf8mb4 COLLATE utf8mb4_unicode_ci NOT NULL ,
  PRIMARY KEY (`cid`)
) ENGINE=InnoDB DEFAULT CHARSET=utf8mb4 COLLATE=utf8mb4_unicode_ci;

/*Data for the table `customer` */

insert  into `customer`(`cid`,`street`,`city`,`state`,`postal_code`,`phone`,`email`) values 
('05-7673774','3306 8-street','Fresno','CA','22531','1122666043','afrancescon@lexiqvolax.com'),
('06-8876566','3229 12-street','Detroit','MI','132','5108865591','aharnos@newex.com'),
('07-2036529','6816 9-street','Baltimore','OK','83973','2142886925','clary@cancity.com'),
('17-3450014','6697 7-street','Durham','WI','55959','2638845007','jbuvens@openlane.com'),
('18-3775909','3844 8-street','Riverside','TX','11958','1442090615','null'),
('20-2164350','4586 2-street','Pittsburgh','AK','64306','2448223307','rsteier@year-job.com'),
('22-1607231','8234 7-street','Houston','TX','87425','2853350704','null'),
('24-4045456','8006 18-street','Albuquerque','AZ','15360','6217686131','cboord@yearin.com'),
('29-6662491','2629 21-street','Jersey City','CA','94996','848513693','smontezuma@sonron.com'),
('31-3545908','6309 8-street','Memphis','TN','54129','3764051258','tflister@betasoloin.com'),
('33-2934805','249 12-street','Anchorage','CA','97646','8807995442','lbiddy@doncon.com'),
('35-9898298','2069 3-street','Fort Worth','TX','85130','5607353093','null'),
('43-3403883','5088 21-street','Jacksonville','FL','53411','7806684354','rjuhas@mathtouch.com'),
('46-6607006','287 14-street','Atlanta','CO','594','1385393650','jloader@konex.com'),
('46-7746081','4815 2-street','Las Vegas','WI','45686','4812049826','rshealy@zotware.com'),
('48-6768847','4577 2-street','Albuquerque','AZ','97479','9760595092','dcorbley@dontechi.com'),
('49-0400043','6325 8-street','Aurora','CA','85535','1622683978','cnabours@iselectrics.com'),
('49-9516264','9377 21-street','Louisville/Jefferson County','OR','67579','7607870807','rgillaspie@bioholding.com'),
('50-0389893','3387 1-street','Chandler','TX','5028','5900619971','amiro@scottech.com'),
('50-9862780','2877 4-street','San Jose','CA','40803','1158576713','lhengel@blackzim.com'),
('51-0247747','1170 11-street','Tampa','HI','9581','3329795636','dperruzza@rangreen.com'),
('59-9733673','4719 12-street','Bakersfield','FL','24603','1547387581','lscriven@xx-zobam.com'),
('62-4702974','4538 11-street','New York','NY','67769','3982767982','ekarpel@fasehatice.com'),
('64-7492958','1469 9-street','Tampa','HI','58840','7178971215','cwaymire@bioholding.com'),
('68-4606539','8190 8-street','Irvine','NC','17943','9462231438','cflosi@golddex.com'),
('72-6876442','4562 6-street','Portland','NV','60719','1681270085','vlukasik@groovestreet.com'),
('72-7273493','3074 4-street','Nashville-Davidson','MD','98298','8342833432','mcampain@kan-code.com'),
('81-7754883','9567 7-street','New York','NY','86956','2249310659','null'),
('82-8184602','8233 7-street','El Paso','TX','51945','6334107866','null'),
('83-3496482','5840 7-street','Dallas','TX','5460','119161628','dwiklund@rantouch.com'),
('84-6387554','4018 12-street','Norfolk','NC','72164','3404435431','lplumer@year-job.com'),
('85-5840713','7525 13-street','Chandler','TX','40411','1894843505','vschoeneck@konex.com'),
('87-8575736','5321 11-street','Jersey City','CA','43926','391486606','sthreets@konmatfix.com'),
('92-9016618','774 9-street','Charlotte','NC','33005','752224067','mvanheusen@betatech.com'),
('94-6713384','816 3-street','Kansas City','AZ','52081','429265150','mwesterbeck@zoomit.com'),
('94-7914925','4880 6-street','Virginia Beach','GA','73720','7466598499','rpalaspas@plussunin.com'),
('96-6692589','8644 8-street','Boston','TN','81079','6640565822','null'),
('97-5522995','3358 12-street','Garland','FL','37156','6213841839','akeneipp@doncon.com'),
('A0135356446','4713 8-street','San Jose','CA','54065','4338685121','sennaco@donware.com'),
('A0184779785','6449 12-street','Henderson','NE','62053','9488520413','kmalvin@y-corporation.com'),
('A0262371356','7813 20-street','Plano','NV','23043','5452092393','hmiro@zoomit.com'),
('A0310274381','857 18-street','Riverside','TX','36018','6132850745','behmann@sunnamplex.com'),
('A0461291890','3617 12-street','Columbus','OH','68079','1575733870','lspickerman@xx-zobam.com'),
('A0615216027','6779 18-street','Milwaukee','NM','96519','8153163701','lamyot@hatfan.com'),
('A0673790301','9537 11-street','Tampa','HI','45207','618026256','ljeanty@silis.com'),
('A0936623718','2340 3-street','Durham','WI','40289','199152902','lpolidori@newex.com'),
('A1309865728','332 17-street','Phoenix','AZ','27501','3298074765','null'),
('A1440687124','533 9-street','Cincinnati','MN','78389','1278664355','hfigeroa@bioholding.com'),
('A1518047114','6555 6-street','Fremont','ID','29564','5815008357','dfishburne@goodsilron.com'),
('A1663169974','6765 14-street','Austin','TX','95597','1833691250','cyaw@donware.com'),
('A1981245672','9861 2-street','Nashville-Davidson','MD','11721','9703539396','btomblin@ron-tech.com'),
('A2135848728','2407 17-street','Madison','TX','57664','1340832331','epalaia@labdrill.com'),
('A2319552942','2024 15-street','Tulsa','OH','14994','6295451915','gsarbacher@blackzim.com'),
('A2580734753','6941 10-street','Norfolk','NC','43730','8565341402','sagramonte@bioholding.com'),
('A2836727024','6100 6-street','Raleigh','FL','10628','6192934321','nangalich@xx-holding.com'),
('A3383028473','4442 11-street','Riverside','TX','96878','1173651664','dzagen@donware.com'),
('A3570377285','7975 7-street','Louisville/Jefferson County','OR','27758','9290710024','psuell@xx-holding.com'),
('A3710653626','7781 13-street','Mesa','VA','78747','1922818949','mtromblay@betasoloin.com'),
('A3910339352','9431 5-street','Lubbock','CA','19397','6638700004','moles@rantouch.com'),
('A4366803067','2734 8-street','Fresno','CA','60657','9687932029','yahle@streethex.com'),
('A4532111602','2170 13-street','Raleigh','FL','82803','8740599520','rfigeroa@dambase.com'),
('A4599693068','2140 6-street','St. Petersburg','AZ','60868','3788513921','erhymes@finjob.com'),
('A4604249337','2706 15-street','St. Louis','CA','84193','771910514','lhanafan@kinnamplus.com'),
('A4688720947','3723 8-street','Chandler','TX','99594','2802965981','bperruzza@dambase.com'),
('A5090337834','6261 8-street','Seattle','WA','68418','7961690087','cshadrick@yearin.com'),
('A5269443254','1847 12-street','Washington','MA','34383','1153394663','lmulqueen@donquadtech.com'),
('A5415348781','3571 8-street','Santa Ana','MO','5864','6625666422','ablunk@lexiqvolax.com'),
('A5517572915','8465 16-street','Long Beach','MO','80577','4699225139','fgwalthney@rantouch.com'),
('A5530386031','4326 10-street','Glendale','TX','78589','1815377367','abergesen@sonron.com'),
('A5896813739','8244 10-street','Plano','NV','12130','1144874066','carceo@betatech.com'),
('A6689897244','6080 2-street','Laredo','VA','1528','2561092135','qsergi@faxquote.com'),
('A6986218675','7133 19-street','Norfolk','NC','83107','8717641687','gperin@silis.com'),
('A7410218307','8676 11-street','Denver','CO','70435','6209568005','llueckenbach@condax.com'),
('A7586405617','1218 15-street','Glendale','TX','87980','3626595706','lgreenbush@green-plus.com'),
('A7682641151','9142 20-street','Seattle','WA','70620','1660641039','fvarriano@groovestreet.com'),
('A7722007632','4788 13-street','St. Louis','CA','29561','8452864290','null'),
('A7800747478','2429 14-street','Boise City','VA','20778','9417420903','smcdoniel@kan-code.com'),
('A7994838891','9963 13-street','St. Louis','CA','23085','1642986115','cmccullan@zumgoity.com'),
('A8298794557','5598 10-street','Toledo','NC','7483','6877989061','lmenter@domzoom.com'),
('A8645646644','7505 19-street','Chula Vista','IN','82493','1838362574','null'),
('A9149940556','851 10-street','Albuquerque','AZ','68443','8353310800','cpedrozo@isdom.com'),
('A9302873941','5674 15-street','Irving','AZ','84229','4780845956','ydenooyer@hottechi.com'),
('A9361688715','2994 14-street','San Francisco','CA','46157','6724009066','aonofrio@finhigh.com'),
('A9416682035','359 2-street','Anaheim','CA','6291','486179706','bbartolet@donquadtech.com'),
('A9525842110','971 13-street','Chesapeake','AZ','99403','5295956267','abiddy@scottech.com'),
('A9661106493','2559 7-street','Albuquerque','AZ','8005','2191200911','mchui@statholdings.com'),
('B0794790966','2798 1-street','Oklahoma City','KY','92248','732368848','mnunlee@goodsilron.com'),
('B0838220816','7813 17-street','Detroit','MI','93918','9305091236','cgibes@rangreen.com'),
('B0867624567','6972 21-street','Louisville/Jefferson County','OR','91765','1945723781','rmauson@zotware.com'),
('B1456216849','6440 7-street','Virginia Beach','GA','51088','6246794115','rlace@dalttechnology.com'),
('B1653942479','7349 6-street','Irving','AZ','26660','1227792338','cflosi@kinnamplus.com'),
('B1715775889','6826 18-street','Long Beach','MO','63895','8177264055','dcolaizzo@faxquote.com'),
('B1731449781','5185 5-street','Chandler','TX','69070','8586279036','smaillard@kinnamplus.com'),
('B1852208630','1625 4-street','Pittsburgh','AK','96388','702183069','hmconnell@opentech.com'),
('B1961357406','3643 9-street','Anaheim','CA','10393','2154011795','etawil@plexzap.com'),
('B1984877856','6039 19-street','Atlanta','CO','42239','6974941499','moles@donquadtech.com'),
('B2440929697','3042 6-street','Reno','VA','67603','8407899085','lhoffis@labdrill.com'),
('B2598969914','808 4-street','Sacramento','CA','25310','8425551940','tasar@hottechi.com'),
('B2638494209','1166 6-street','San Antonio','TX','48258','5251353255','ajeanty@inity.com'),
('B3170194836','2955 10-street','Columbus','OH','67662','3109017782','mvillanueva@labdrill.com'),
('B3290593615','2380 16-street','Oklahoma City','KY','88771','7621638492','spalaia@stanredtax.com'),
('B3463874026','5981 6-street','Miami','CA','9747','6684801631','bpaulas@plussunin.com'),
('B3918027523','452 11-street','Chesapeake','AZ','63275','1122640314','piturbide@rangreen.com'),
('B4419028056','210 5-street','Chandler','TX','73540','5337539456','csarao@gogozoom.com'),
('B4608992876','2570 10-street','Louisville/Jefferson County','OR','34860','1192412616','rscriven@xx-holding.com'),
('B4925230252','1356 1-street','Anchorage','CA','78858','2812754411','mpatak@j-texon.com'),
('B5196684007','3489 9-street','Phoenix','AZ','81794','1180643423','slawler@sonron.com'),
('B5346544142','5546 6-street','Houston','TX','23924','5207437483','mvocelka@ron-tech.com'),
('B5738835693','3167 7-street','San Diego','CA','12818','1918490671','cmartabano@openlane.com'),
('B6010570650','1078 3-street','El Paso','TX','50266','9423735498','ecorrio@green-plus.com'),
('B6082349948','4864 5-street','Kansas City','AZ','33258','4287858845','tfoller@codehow.com'),
('B6301637672','4326 4-street','Omaha','NC','39011','1240555259','svanheusen@cancity.com'),
('B6334165149','6922 3-street','Charlotte','NC','30565','3349957393','dchui@ganjaflex.com'),
('B6364451946','4184 6-street','Nashville-Davidson','MD','46138','1176395163','cdhamer@donquadtech.com'),
('B6710742108','523 8-street','New Orleans','CA','576','2584517744','cnachor@finhigh.com'),
('B6847040699','7147 1-street','Aurora','CA','27651','466613052','msayaphon@rantouch.com'),
('B6923660033','2748 15-street','Atlanta','CO','62904','225659944','gkohl@ron-tech.com'),
('B7131079555','9216 14-street','Jacksonville','FL','59104','5462406127','jmaclead@codehow.com'),
('B7194397683','6565 17-street','Cleveland','KS','73194','2250204716','klipkin@dambase.com'),
('B8229530311','42 16-street','Mesa','VA','72497','574418772','msayaphon@gogozoom.com'),
('B8644575091','7425 17-street','Los Angeles','CA','48263','7588109962','dsaras@treequote.com'),
('B8786618373','6775 1-street','Anchorage','CA','28978','4151614989','slary@dalttechnology.com'),
('B8859030244','5327 7-street','Phoenix','AZ','30814','5326760716','lsyrop@j-texon.com'),
('B9346967347','1284 11-street','Detroit','MI','25947','4579186110','jmonarrez@zoomit.com'),
('B9782424828','3688 8-street','St. Louis','CA','8220','5363330488','bdiscipio@sonron.com'),
('B9892813591','9701 4-street','Sacramento','CA','86941','5258372667','slacovara@statholdings.com'),
('B9946174152','7251 19-street','Indianapolis','IN','56716','1695370409','akiel@mathtouch.com'),
('C0222944298','329 14-street','Seattle','WA','38898','2893491737','gdallen@goodsilron.com'),
('C0266219877','7356 14-street','San Jose','CA','99759','6977663248','lbiddy@rantouch.com'),
('C0673239779','6465 6-street','Raleigh','FL','20214','8978227826','jweight@plexzap.com'),
('C0844073746','1676 3-street','Milwaukee','NM','56460','1467865334','gmaillard@rangreen.com'),
('C1217659257','1448 20-street','Santa Ana','MO','73306','865103920','ecorrio@zencorporation.com'),
('C1967459004','1650 15-street','Henderson','NE','95208','9304344770','svanausdal@donquadtech.com'),
('C2317543508','5681 15-street','Scottsdale','NV','11475','5302088589','bharabedian@lexiqvolax.com'),
('C2423333296','925 5-street','Chicago','IL','41937','3577974876','fcartan@hatfan.com'),
('C2776254573','3288 10-street','Fremont','ID','37586','4806391667','afortino@funholding.com'),
('C2838238369','8385 15-street','Scottsdale','NV','97285','6597031398','ryori@konex.com'),
('C3225068735','6226 20-street','Detroit','MI','86418','2231396691','vscriven@scotfind.com'),
('C3289101401','9990 17-street','Irving','AZ','76250','6522538581','marceo@hatfan.com'),
('C3378134863','6040 7-street','Riverside','TX','69644','9145346288','fknipp@kinnamplus.com'),
('C3612640531','2955 11-street','Virginia Beach','GA','99728','6139626394','bdallen@isdom.com'),
('C3839849069','9966 11-street','Chula Vista','IN','78585','5630558686','ccallaro@donquadtech.com'),
('C3902566508','4 5-street','Fresno','CA','56357','7457629864','leroman@scotfind.com'),
('C3914994260','2931 15-street','Philadelphia','PA','83998','8766862073','null'),
('C4236470136','9665 4-street','Greensboro','NJ','82332','1286731065','lspickerman@warephase.com'),
('C4299342425','3943 14-street','Newark','TX','45709','377627548','atromblay@golddex.com'),
('C4363694061','5909 8-street','Fresno','CA','10432','3839780003','mfunnell@konmatfix.com'),
('C4774668646','2943 19-street','Garland','FL','67153','9181127811','hgesick@inity.com'),
('C4777906028','2615 12-street','Scottsdale','NV','29115','9414370820','edhamer@labdrill.com'),
('C4987856002','5813 17-street','Albuquerque','AZ','28736','1858613754','scrupi@ontomedia.com'),
('C5211782393','6084 21-street','Oklahoma City','KY','84479','1663206433','gherritt@kinnamplus.com'),
('C5341904042','1020 9-street','Lincoln','NY','83625','5428643409','lgood@konex.com'),
('C5399342731','6915 2-street','Tampa','HI','9762','7679091004','lhalter@ron-tech.com'),
('C5998099065','5738 9-street','San Francisco','CA','12065','1156055216','imaisto@openlane.com'),
('C6109199686','3838 20-street','Los Angeles','CA','89056','1161409373','mstoltzman@dambase.com'),
('C6220644674','1105 17-street','Stockton','OH','34026','4117001917','skonopacki@kan-code.com'),
('C6252173359','2824 16-street','Wichita','TX','91491','3801976959','slabreche@donware.com'),
('C7183960183','2127 6-street','Hialeah','NV','22042','3808291053','bskulski@opentech.com'),
('C7290231462','5977 11-street','Arlington','LA','44325','5596193040','null'),
('C7548135047','7953 21-street','Fresno','CA','6358','7840890296','ajulia@codehow.com'),
('C7549511819','1454 2-street','Albuquerque','AZ','77662','1090850197','lwalthall@zotware.com'),
('C7780413175','3373 4-street','Chandler','TX','87881','2183462945','null'),
('C8271029908','2691 12-street','Richmond','CA','98233','8565923131','gsengbusch@doncon.com'),
('C8307257184','265 5-street','Sacramento','CA','50008','4858534746','mtollner@green-plus.com'),
('C8583214663','6263 11-street','Greensboro','NJ','94210','2952597625','jhixenbaugh@xx-holding.com'),
('C8766275993','8630 9-street','Boise City','VA','30701','1268667628','qmaclead@xx-zobam.com'),
('C8969012326','4418 19-street','Miami','CA','7124','9241624473','rsturiale@sonron.com'),
('C9346888737','8594 10-street','Louisville/Jefferson County','OR','40210','7610432216','bcampain@year-job.com'),
('D0233458616','7797 10-street','Tucson','CA','42250','6962135593','tabdallah@stanredtax.com'),
('D0473669739','8321 18-street','Chandler','TX','83560','6561738907','cpaskin@nam-zim.com'),
('D0665878931','7241 2-street','North Las Vegas','CA','80181','1424595432','spatak@kinnamplus.com'),
('D0760894831','7114 11-street','San Francisco','CA','38506','326553009','mrulapaugh@condax.com'),
('D1357716930','5513 3-street','Baton Rouge','TX','69366','4218938014','null'),
('D1415748069','9044 4-street','Austin','TX','83302','456125482','rbergesen@konex.com'),
('D2498998888','648 16-street','San Antonio','TX','70558','4697890951','cmirafuentes@konmatfix.com'),
('D2600960022','8270 3-street','Glendale','TX','52581','1855539320','ylimmel@singletechno.com'),
('D3479521146','7998 8-street','Nashville-Davidson','MD','67808','8354131959','nshin@doncon.com'),
('D3731035683','6166 20-street','Aurora','CA','18677','5974625448','avonasek@domzoom.com'),
('D4371833181','2180 9-street','Fort Wayne','FL','95844','9657645181','lscheyer@nam-zim.com'),
('D4519725290','8162 19-street','Oklahoma City','KY','8209','6799556341','jklusman@xx-zobam.com'),
('D4831519171','2318 1-street','Columbus','OH','43322','6875935334','qglick@treequote.com'),
('D5227762827','5787 17-street','Columbus','OH','85733','9573149559','criopelle@finjob.com'),
('D5269489570','5363 11-street','Anaheim','CA','93869','4106787859','wblackwood@donware.com'),
('D5508697748','6333 8-street','Cincinnati','MN','19424','1962350101','iauffrey@zathunicon.com'),
('D5598201847','8566 3-street','Kansas City','AZ','20102','1186736394','llouissant@sumace.com'),
('D5713874463','6758 16-street','Wichita','TX','85885','8697320215','hgabisi@dambase.com'),
('D5950814801','8462 15-street','Phoenix','AZ','12799','1236534535','jslayton@statholdings.com'),
('D6100357446','7511 16-street','Las Vegas','WI','9252','3480698729','lwildfong@ganjaflex.com'),
('D6327656680','3248 13-street','Cincinnati','MN','81587','9773209343','cstockham@ontomedia.com'),
('D6650795352','2010 15-street','Los Angeles','CA','87887','7279194125','mpaa@warephase.com'),
('D6889152867','4515 2-street','Winston-Salem','AZ','6066','916869287','null'),
('D7602785929','3052 8-street','Baton Rouge','TX','24299','4735874159','pfillingim@ganjaflex.com'),
('D7912550520','4487 1-street','Newark','TX','1298','9456243552','dweirather@iselectrics.com'),
('D8191703970','3253 9-street','Gilbert','LA','66490','6866280646','jsweely@zencorporation.com'),
('D8819452846','1970 3-street','Los Angeles','CA','81816','1857291621','awiklund@toughzap.com'),
('D8832785149','7673 4-street','Dallas','TX','76401','2879694252','ecronauer@groovestreet.com'),
('D8920288787','3624 9-street','Baton Rouge','TX','46412','716893246','rsaulter@dontechi.com'),
('D9223276847','2569 5-street','Madison','TX','48103','243788652','mcallaro@bioholding.com'),
('D9669540937','2452 7-street','Cincinnati','MN','71867','5516394079','lharoldson@dambase.com'),
('D9676746157','4606 10-street','Nashville-Davidson','MD','77960','2349028878','dstuer@donware.com');

/*Table structure for table `individual_customer` */

DROP TABLE IF EXISTS `individual_customer`;

CREATE TABLE `individual_customer` (
  `cid_driver_license` varchar(50) CHARACTER SET utf8mb4 COLLATE utf8mb4_unicode_ci NOT NULL ,
  `first_name` varchar(50) COLLATE utf8mb4_unicode_ci NOT NULL,
  `last_name` varchar(50) COLLATE utf8mb4_unicode_ci NOT NULL,
  PRIMARY KEY (`cid_driver_license`),
  CONSTRAINT `individual_customer_ibfk_1` FOREIGN KEY (`cid_driver_license`) REFERENCES `customer` (`cid`)
) ENGINE=InnoDB DEFAULT CHARSET=utf8mb4 COLLATE=utf8mb4_unicode_ci;

/*Data for the table `individual_customer` */

insert  into `individual_customer`(`cid_driver_license`,`first_name`,`last_name`) values 
('A0135356446','Marti','Sarbacher'),
('A0184779785','Stephaine','Konopacki'),
('A0262371356','Taryn','Emigh'),
('A0310274381','Stephaine','Reitler'),
('A0461291890','Joni','Acuff'),
('A0615216027','Van','Mai'),
('A0673790301','Gail','Bitsuie'),
('A0936623718','Roosevelt','Tagala'),
('A1309865728','Ryan','Feichtner'),
('A1440687124','Erick','Kardas'),
('A1518047114','Joni','Seewald'),
('A1663169974','Gilma','Poullion'),
('A1981245672','Cristal','Louissant'),
('A2135848728','Avery','Reitler'),
('A2319552942','Markus','Tjepkema'),
('A2580734753','Pamella','Klusman'),
('A2836727024','Lashaunda','Paskin'),
('A3383028473','Benedict','Maile'),
('A3570377285','Abel','Uyetake'),
('A3710653626','Thaddeus','Fritz'),
('A3910339352','Dierdre','Stimmel'),
('A4366803067','Rozella','Galam'),
('A4532111602','Krissy','Asar'),
('A4599693068','Raymon','Monterrubio'),
('A4604249337','Jerry','Butzen'),
('A4688720947','Elvera','Kiel'),
('A5090337834','Nan','Restrepo'),
('A5269443254','Lenna','Darakjy'),
('A5415348781','Viva','Loader'),
('A5517572915','Carmela','Duenas'),
('A5530386031','Becky','Mallett'),
('A5896813739','Carin','Bartolet'),
('A6689897244','Lettie','Perruzza'),
('A6986218675','Stephen','Poullion'),
('A7410218307','Detra','Palaia'),
('A7586405617','Theola','Bruschke'),
('A7682641151','Alpha','Walthall'),
('A7722007632','Cory','Gillaspie'),
('A7800747478','Kate','Nunlee'),
('A7994838891','Ruthann','Riden'),
('A8298794557','Alaine','Mallett'),
('A8645646644','Salena','Canlas'),
('A9149940556','Cathrine','Tawil'),
('A9302873941','Helene','Tollner'),
('A9361688715','Mozell','Angalich'),
('A9416682035','Rebecka','Juhas'),
('A9525842110','Bernardine','Hochard'),
('A9661106493','Iluminada','Leinenbach'),
('B0794790966','Cecil','Hamilton'),
('B0838220816','Leota','Bourbon'),
('B0867624567','Fletcher','Vinning'),
('B1456216849','Tonette','Bayless'),
('B1653942479','Vi','Munis'),
('B1715775889','Zona','Discipio'),
('B1731449781','Bulah','Weight'),
('B1852208630','Lashawnda','Feichtner'),
('B1961357406','Art','Devreese'),
('B1984877856','Tiffiny','Heintzman'),
('B2440929697','Lizbeth','Craghead'),
('B2598969914','Clay','Yori'),
('B2638494209','Nickolas','Manno'),
('B3170194836','Latrice','Hanafan'),
('B3290593615','Nu','Perigo'),
('B3463874026','Diane','Amyot'),
('B3918027523','Lorrie','Briddick'),
('B4419028056','Ma','Caiafa'),
('B4608992876','Iluminada','Francescon'),
('B4925230252','Youlanda','Karpin'),
('B5196684007','Sharika','Mauson'),
('B5346544142','Eun','Smith'),
('B5738835693','Eun','Ahle'),
('B6010570650','Salome','Harnos'),
('B6082349948','Ceola','Sawchuk'),
('B6301637672','Myra','Luczki'),
('B6334165149','Jovita','Sayaphon'),
('B6364451946','Viva','Hoffis'),
('B6710742108','Kimberlie','Skulski'),
('B6847040699','Nan','Lace'),
('B6923660033','Nu','Theodorov'),
('B7131079555','Annmarie','Haroldson'),
('B7194397683','Rodolfo','Diestel'),
('B8229530311','Leslie','Chui'),
('B8644575091','Marguerita','Kitty'),
('B8786618373','Cammy','Kulzer'),
('B8859030244','Estrella','Calvaresi'),
('B9346967347','Dominque','Karpin'),
('B9782424828','Chaya','Rochin'),
('B9892813591','Izetta','Shields'),
('B9946174152','Leota','Acuff'),
('C0222944298','Cristy','Corrington'),
('C0266219877','Rolland','Arias'),
('C0673239779','Yuki','Ryser'),
('C0844073746','Jenelle','Brideau'),
('C1217659257','Trinidad','Labreche'),
('C1967459004','Mona','Reitler'),
('C2317543508','Bobbye','Galam'),
('C2423333296','Melodie','Morocco'),
('C2776254573','Selma','Smith'),
('C2838238369','Skye','Rodenberger'),
('C3225068735','Lai','Montezuma'),
('C3289101401','Irma','Deleo'),
('C3378134863','Wynell','Bookamer'),
('C3612640531','Herman','Waycott'),
('C3839849069','Melodie','Tollner'),
('C3902566508','Rolland','Lother'),
('C3914994260','Mattie','Malet'),
('C4236470136','Moon','Kannady'),
('C4299342425','Lai','Ferrario'),
('C4363694061','Edna','Miceli'),
('C4774668646','Lonny','Patak'),
('C4777906028','Tamar','Mai'),
('C4987856002','Flo','Acuff'),
('C5211782393','Arthur','Colla'),
('C5341904042','Bernardine','Estell'),
('C5399342731','Cherry','Bourbon'),
('C5998099065','Marguerita','Delasancha'),
('C6109199686','Lorean','Daufeldt'),
('C6220644674','Shenika','Dorshorst'),
('C6252173359','Micaela','Wiklund'),
('C7183960183','Amie','Pelkowski'),
('C7290231462','Rodolfo','Maybury'),
('C7548135047','Lashawnda','Mirafuentes'),
('C7549511819','Sharee','Poquette'),
('C7780413175','Helaine','Rim'),
('C8271029908','Veronika','Dilliard'),
('C8307257184','Ettie','Brachle'),
('C8583214663','Gladys','Ennaco'),
('C8766275993','Mitsue','Harabedian'),
('C8969012326','Rodolfo','Butzen'),
('C9346888737','Franklyn','Wiklund'),
('D0233458616','Regenia','Fortino'),
('D0473669739','Laurel','Jurney'),
('D0665878931','Nan','Butzen'),
('D0760894831','Tyra','Herritt'),
('D1357716930','Virgina','Oldroyd'),
('D1415748069','Carmelina','Pontoriero'),
('D2498998888','Melodie','Paulas'),
('D2600960022','Lilli','Buvens'),
('D3479521146','Garry','Parlato'),
('D3731035683','Luisa','Drymon'),
('D4371833181','Carmen','Callaro'),
('D4519725290','Lucina','Ostolaza'),
('D4831519171','Leslie','Kines'),
('D5227762827','Howard','Meisel'),
('D5269489570','Adell','Dewar'),
('D5508697748','Aja','Butzen'),
('D5598201847','Geoffrey','Tawil'),
('D5713874463','Jina','Kitty'),
('D5950814801','Moon','Suffield'),
('D6100357446','Helga','Leto'),
('D6327656680','Mitsue','Adkin'),
('D6650795352','Gail','Tromblay'),
('D6889152867','Kanisha','Flister'),
('D7602785929','Aja','Juvera'),
('D7912550520','Erick','Hoogland'),
('D8191703970','Lucina','Corrington'),
('D8819452846','Bulah','Boulter'),
('D8832785149','Angella','Buzick'),
('D8920288787','Barbra','Birkner'),
('D9223276847','Fatima','Semidey'),
('D9669540937','Sabra','Keener'),
('D9676746157','Lashandra','Buzick');

/*Table structure for table `inventory_transaction` */

DROP TABLE IF EXISTS `inventory_transaction`;

CREATE TABLE `inventory_transaction` (
  `vin` varchar(50) CHARACTER SET utf8mb4 COLLATE utf8mb4_unicode_ci NOT NULL ,
  `seller_id` varchar(50) CHARACTER SET utf8mb4 COLLATE utf8mb4_unicode_ci NOT NULL ,
  `inventory_clerk` varchar(50) CHARACTER SET utf8mb4 COLLATE utf8mb4_unicode_ci NOT NULL ,
  `buy_date` date NOT NULL ,
  `buy_price` decimal(10,2) NOT NULL ,
  `sale_status` varchar(20) CHARACTER SET utf8mb4 COLLATE utf8mb4_unicode_ci NOT NULL ,
  PRIMARY KEY (`vin`,`seller_id`),
  KEY `idx_seller_id` (`seller_id`),
  KEY `idx_vin` (`vin`),
  KEY `inventory_clerk` (`inventory_clerk`),
  CONSTRAINT `inventory_transaction_ibfk_0` FOREIGN KEY (`vin`) REFERENCES `vehicle` (`vin`),
  CONSTRAINT `inventory_transaction_ibfk_1` FOREIGN KEY (`seller_id`) REFERENCES `customer` (`cid`),
  CONSTRAINT `inventory_transaction_ibfk_2` FOREIGN KEY (`inventory_clerk`) REFERENCES `user` (`username`)
) ENGINE=InnoDB DEFAULT CHARSET=utf8mb4 COLLATE=utf8mb4_unicode_ci;

/*Data for the table `inventory_transaction` */

insert  into `inventory_transaction`(`vin`,`seller_id`,`inventory_clerk`,`buy_date`,`buy_price`,`sale_status`) values 
('036EG6XGHFJ822528','B9782424828','user06','2023-02-07',2964.53,'sold'),
('03KAPEOTGE8482192','D5950814801','user04','2023-08-28',2570.77,'forbidden'),
('054CB5NHFMK652777','B1852208630','user16','2023-06-23',10362.71,'sold'),
('05PN35GUCGU088819','83-3496482','user06','2023-05-29',1503.96,'sold'),
('06E4W168GDV777330','D8819452846','user10','2022-07-09',5950.47,'sold'),
('0A45MTRRJ3K877609','C3902566508','user19','2023-04-08',5190.25,'sold'),
('0JMXH7GQF1K570196','C3612640531','user11','2023-02-08',3441.51,'sold'),
('0O56VQ0TP1C342110','D8819452846','user05','2023-05-14',10724.59,'sold'),
('0RTZMNEP443530450','C5341904042','user06','2022-10-31',2834.73,'forbidden'),
('0SR7K3TGOVW149442','C8766275993','user15','2023-04-03',1286.18,'sold'),
('0XPRYKN4QTB854977','C0266219877','user11','2023-03-30',1505.45,'sold'),
('13DN4WJV2HW654524','72-6876442','user18','2023-03-11',1011.49,'saleable'),
('15WH5TNL8GD986516','A4366803067','user04','2023-03-15',1384.05,'sold'),
('1A8CMLRTUGR146952','C4774668646','user15','2023-02-17',4502.59,'forbidden'),
('1C05IGNBBB6823554','C7290231462','user09','2023-04-02',2526.28,'sold'),
('1GIQVMBR2A2798107','B1852208630','user22','2022-07-18',4281.06,'sold'),
('1HHB3PGRMMK153438','B6923660033','user16','2023-06-17',1262.57,'forbidden'),
('1J538YW76YE281757','B6364451946','user04','2022-07-12',4514.43,'sold'),
('1JRH0ZBVOBE937509','59-9733673','user11','2023-01-26',1189.26,'sold'),
('1M1GEHMECS1730055','C3378134863','user13','2022-07-21',2815.81,'sold'),
('1MV1LD01B0D736628','C3378134863','user09','2022-12-29',1118.40,'sold'),
('1P2ISJXQKIW025651','D7602785929','user11','2023-02-28',3611.00,'sold'),
('1RMG763RUOZ482821','35-9898298','user15','2023-04-26',4098.92,'forbidden'),
('1U7J5TO2RMU974230','07-2036529','user19','2022-10-15',1159.61,'forbidden'),
('1V61QHRD20E210923','B1731449781','user09','2023-03-16',2570.77,'forbidden'),
('23VKNWAH4WQ056833','D5508697748','user04','2023-08-30',7257.96,'sold'),
('2BEGOJVB21D198188','C3914994260','user05','2023-02-10',3423.52,'forbidden'),
('2CB6WLH88NB344487','24-4045456','user09','2023-04-13',2815.81,'sold'),
('2DHOH4P4672123749','B0838220816','user16','2023-01-04',4023.89,'sold'),
('2JUBCDLLXSB731848','B0838220816','user06','2023-01-25',2723.58,'sold'),
('2LUXDFJTYZA796766','96-6692589','user19','2023-01-26',3441.51,'forbidden'),
('2MSC0A8PW8U686208','B6301637672','user16','2022-11-01',3887.81,'forbidden'),
('2N45QQ7SMY3757149','D0233458616','user18','2023-08-26',3076.00,'sold'),
('2Y1UCXYY50T192604','17-3450014','owner','2022-08-11',5965.76,'sold'),
('2YHAF0V8512939431','B1456216849','user22','2022-07-08',5324.31,'sold'),
('2YTUEYSLDJG398062','D6889152867','user04','2023-02-12',1180.12,'sold'),
('30YUJXKGY7I314746','06-8876566','user04','2023-03-06',2240.99,'forbidden'),
('323F5QUAPKX190724','C6109199686','user04','2022-12-14',1487.55,'sold'),
('340C5KYKWVM715838','50-9862780','user13','2022-10-28',4086.58,'sold'),
('3464CBUBJ3G311266','B3290593615','user06','2022-08-01',2822.02,'sold'),
('3EAZYH5SPE8904041','C7183960183','user05','2022-07-12',5343.71,'sold'),
('3NED8CVSG6V494138','B8786618373','owner','2023-02-14',3706.14,'sold'),
('3P0R7483FP1117876','B5346544142','user04','2022-08-27',4238.92,'forbidden'),
('4BSRNVZZ2CQ691731','35-9898298','user15','2022-07-19',1858.77,'sold'),
('4BW4C1KL6TZ577336','17-3450014','user19','2023-08-03',3218.80,'sold'),
('4HVC60L66KI459720','C8583214663','user06','2023-03-02',2668.19,'sold'),
('4QL2U7A4H4J019100','D4371833181','user05','2023-06-15',3462.65,'forbidden'),
('4RJT1NOLXUG037441','B6923660033','user05','2023-07-31',1220.94,'sold'),
('4TJ5T18OMFN710800','A3383028473','user05','2023-01-14',2670.24,'sold'),
('55M41D1AGKW204016','B9892813591','user19','2023-06-23',4123.82,'sold'),
('5DAWXIM4EAK735462','B5346544142','user11','2023-04-23',7509.50,'sold'),
('5IZQ0A8JNL8536828','84-6387554','user16','2023-03-09',2156.31,'forbidden'),
('5JVO4MGJYXC563627','46-7746081','user09','2023-08-21',3332.56,'forbidden'),
('5L5RPVESTIA976918','B1456216849','user22','2023-08-20',1014.91,'forbidden'),
('5MS17EW23YR611242','C0673239779','user19','2022-08-28',1769.90,'sold'),
('5NFMDSJIMMB492412','A0461291890','user04','2023-04-23',4026.11,'forbidden'),
('5T3XYBUNB63008211','B3463874026','user13','2023-06-16',7061.50,'sold'),
('5WKWALJ4EQU001163','A9302873941','user11','2023-05-19',1470.45,'sold'),
('63OUTYEBN7D928507','C2776254573','user09','2023-04-12',4026.11,'saleable'),
('65ISMOWUBDU569125','D5713874463','user04','2022-08-08',3394.76,'sold'),
('67BQ74RV204502543','C0844073746','user22','2023-01-26',3551.46,'sold'),
('6AZQDNCM3G6215989','43-3403883','user11','2023-04-14',1736.94,'forbidden'),
('6LYU65SHD4H127612','B0867624567','user10','2023-02-06',2723.58,'forbidden'),
('6N5JA7X7LX2749307','B8644575091','user06','2023-04-18',1530.69,'sold'),
('6WRD8C6784B120048','C3378134863','user10','2022-07-08',2016.09,'sold'),
('6ZG2Z4HYIKW532605','A7586405617','owner','2022-08-17',4646.30,'sold'),
('72OI8SLM4HN113041','A7410218307','owner','2022-10-19',1262.57,'forbidden'),
('72SCGHC1RB4779672','C4774668646','user10','2022-11-18',1794.24,'forbidden'),
('73HIEJVMY26464395','33-2934805','user11','2023-02-25',5059.91,'sold'),
('7ZGFTG3CJWB276675','68-4606539','user13','2023-03-27',4630.84,'forbidden'),
('8CR4YKPMHVR077313','D3479521146','user18','2022-12-29',1647.91,'sold'),
('8FDAK0CPTWA122888','B9346967347','user22','2022-11-22',1276.63,'forbidden'),
('8JVUFKHA0TM075506','C3612640531','user06','2022-07-11',4113.86,'sold'),
('8LPZZLYHF77014597','A2135848728','user13','2023-07-22',3754.85,'sold'),
('8SGNAEKKQ0B252643','D0665878931','user19','2023-03-10',1802.04,'sold'),
('8U653RXUMZY984495','A2836727024','user11','2023-07-24',3535.41,'forbidden'),
('8UU0VC3VENC905922','A5517572915','user06','2022-11-12',3809.86,'sold'),
('8VGJ74SC8UK076966','A4599693068','user18','2022-11-15',3528.70,'sold'),
('8W38A5ZZFKA123439','A0615216027','user04','2022-09-27',4980.10,'forbidden'),
('8WLKEABOQM5965804','B1715775889','user10','2023-07-02',1984.05,'sold'),
('A1GTY6T551Q455502','B9946174152','user06','2023-08-14',2526.28,'sold'),
('A1S3JZU0RGM394036','A7994838891','user19','2022-10-24',1053.89,'sold'),
('A58PSDYJWYD029917','C2423333296','user05','2023-02-17',1818.28,'forbidden'),
('ANW7EMLQVI6782246','A2836727024','user09','2023-05-21',1386.63,'forbidden'),
('AOIDQU2ROYY946376','D0473669739','owner','2023-07-27',6549.15,'sold'),
('B1NDXK4VPM8021524','A7586405617','user09','2023-02-15',1384.05,'sold'),
('B5Q25XY368S364688','A7994838891','user13','2023-08-19',2793.26,'sold'),
('B68KFH50SOO194215','B6082349948','user06','2023-01-18',4646.30,'forbidden'),
('BCTZOAWQMHJ300759','B1456216849','user22','2023-04-04',4655.40,'sold'),
('BH6Z8Q8YUSV665327','C7780413175','user16','2023-07-06',1947.58,'saleable'),
('BJIK4PRL350875445','C8271029908','user19','2023-05-07',4579.57,'saleable'),
('BKO2YY3HI56119138','D9669540937','user13','2023-08-01',15213.67,'sold'),
('BQ1P8TA2OBE090669','A1663169974','user13','2022-10-16',2690.25,'forbidden'),
('BROAYF3JXYB733688','B4419028056','user04','2022-10-29',1310.54,'forbidden'),
('BV7ZLIZN0R2917777','C0844073746','user10','2023-05-08',3794.47,'forbidden'),
('BW4Z2PQG761237438','B3463874026','user06','2022-07-18',4422.04,'sold'),
('BYNUGAHZM1L977542','D8920288787','user18','2022-12-26',1240.27,'sold'),
('CNBSW7RMXAE536762','B9892813591','user18','2023-01-06',4655.40,'saleable'),
('CXGQS7AZP6I329568','33-2934805','user04','2023-04-30',1938.46,'forbidden'),
('D244CUCA1UX127908','A6689897244','owner','2022-08-06',1262.57,'sold'),
('DABGHKVUB2D696619','B4419028056','user16','2023-08-01',5730.36,'sold'),
('DBF5M62ODXK242204','C3612640531','user13','2022-09-04',3833.25,'sold'),
('E5W8EPPWZS0896119','D6327656680','user04','2023-02-24',11858.52,'sold'),
('EDH6BDC74XY589172','D8920288787','user13','2022-08-23',5125.59,'sold'),
('EJET1HMTOKB682315','C3289101401','user18','2023-03-29',1293.22,'forbidden'),
('ELA1OD0NP7S259553','C3378134863','user18','2022-09-04',5438.85,'sold'),
('EQ22HWH3DG1475247','C8766275993','user05','2022-10-15',3394.76,'sold'),
('EQPAH1SUF8O016349','A8645646644','owner','2023-08-21',8191.71,'saleable'),
('ETRV7OGUK1A265022','A2319552942','user10','2023-03-11',3650.47,'sold'),
('EUNRBUAUCXQ934676','50-0389893','user06','2023-07-09',1670.87,'sold'),
('EV4TH4BF5DQ470200','A7800747478','user05','2023-08-03',1794.24,'sold'),
('EWUO21O8D0P959813','B1456216849','user22','2023-06-19',2176.29,'forbidden'),
('EX0DFWC3FLW639681','B6710742108','user04','2022-07-26',3394.76,'sold'),
('EYTJ0RTAAHK130156','24-4045456','user13','2022-12-17',5236.88,'forbidden'),
('EZ144Z2QAJC644839','B8786618373','user16','2022-11-04',1762.01,'sold'),
('EZ308PJB831681306','B6364451946','user18','2023-02-06',2354.81,'forbidden'),
('F032TW1LYVD881430','D0473669739','user04','2023-04-01',3611.00,'sold'),
('F253TPAMQK3083569','A8298794557','user09','2022-08-28',2712.19,'sold'),
('F37VOS4G0QV020629','B4925230252','user09','2022-10-24',1794.24,'saleable'),
('F42NYNK4BK3657449','C0844073746','user09','2023-01-02',2478.11,'sold'),
('FA7LJ664E04088299','94-6713384','user10','2022-11-24',1360.83,'forbidden'),
('FAQ8F8F300A215860','A0936623718','user10','2022-10-05',4986.09,'forbidden'),
('FLACGVUE5FI388538','D1415748069','user13','2023-06-13',2173.13,'sold'),
('FPJBMT3OOG8061158','B1852208630','user04','2022-10-22',1720.36,'sold'),
('FW817ZV3BVG215163','B1852208630','user06','2022-12-22',1917.14,'sold'),
('FXCJT6N4BUT928292','B1653942479','user09','2023-07-17',1621.16,'sold'),
('FXR24KBAHFZ139993','C0673239779','user11','2022-08-14',2834.73,'sold'),
('GC27VB8JWCD457186','B1456216849','user06','2022-08-08',1384.05,'sold'),
('GEW8SXH3TWS985107','C8766275993','user22','2023-03-23',3448.24,'sold'),
('GHEDZEHRLGJ237205','A5415348781','user22','2023-01-14',3343.31,'sold'),
('GNJQGN3RWIT431179','59-9733673','user09','2022-12-11',3077.30,'forbidden'),
('GTTYZXB3YJG754847','B6010570650','user10','2022-11-07',4281.97,'sold'),
('GZ81MW85M47387080','C8583214663','user22','2023-06-20',3200.57,'forbidden'),
('HGHHV1IWCUX780355','B2638494209','owner','2022-12-24',5490.09,'sold'),
('HIEWYKOMDAK597903','C8307257184','user13','2023-05-20',4646.30,'sold'),
('HJHFHI4TARG736468','B5738835693','user04','2022-10-08',4422.04,'sold'),
('HRBDCA8RAE0685886','C9346888737','user09','2022-11-27',8603.94,'sold'),
('HTIAUKNL6TA101731','A6986218675','user11','2022-09-06',3870.70,'sold'),
('HUJ762ME6OB336499','C0673239779','user13','2023-04-24',1652.08,'sold'),
('HXP0L3Y7NRP032607','22-1607231','user13','2022-11-02',3393.84,'sold'),
('I2Y84J2JYUI249817','C3289101401','user13','2023-07-09',3209.95,'forbidden'),
('I4ZQBJWMKGO132368','A1981245672','user09','2023-05-23',2516.57,'sold'),
('I5E5PHXL5CF199096','64-7492958','user11','2022-09-22',2794.30,'forbidden'),
('I7TC64WMFN3679469','C4236470136','user05','2023-07-26',2834.73,'sold'),
('IHYW5EQH7SL835482','D0665878931','user10','2023-02-03',3418.64,'forbidden'),
('IK0HARFDHRY246462','B5346544142','user09','2023-02-12',4655.40,'sold'),
('IO8AOWYKMLD518556','B9892813591','user22','2023-04-30',2920.42,'sold'),
('IQ73NEIBJNB403342','A9149940556','user05','2023-07-02',1908.98,'sold'),
('IUTAUS27FGO848930','05-7673774','user22','2023-02-09',3969.70,'sold'),
('IXZVB277TU2768773','A5896813739','user19','2022-09-01',2647.38,'sold'),
('IZPS1NTRXAH046134','A0461291890','user11','2022-12-20',6572.23,'sold'),
('J05SWPOXE56492516','D3731035683','user22','2023-08-29',4856.09,'sold'),
('J1MG8R7RAZX116769','A1518047114','user05','2023-03-14',3629.02,'sold'),
('J6OMNLGS2AO161351','D6100357446','user05','2023-07-05',2243.43,'sold'),
('JA36JFM31V4526050','A3570377285','user06','2023-07-21',4123.82,'forbidden'),
('JA7U5AG0WEE170652','B9346967347','owner','2023-06-22',1344.15,'forbidden'),
('JA7YVHAFRLT437706','49-0400043','user18','2022-08-16',2679.99,'sold'),
('JBPIGW2CI42143239','B8859030244','user04','2023-07-05',3729.30,'forbidden'),
('JE1O6OHJZW1220783','B1852208630','user04','2023-05-10',3614.03,'sold'),
('JL4O86VLF1F081674','B6010570650','user18','2023-06-05',9286.21,'sold'),
('JS0Y5W8KIDC106093','C0673239779','user05','2022-11-03',1181.30,'sold'),
('JS7IRJMSXPC511509','D0665878931','user18','2023-03-19',3007.81,'sold'),
('JZKBFXYGWL5900436','A2836727024','user22','2023-05-01',1917.14,'sold'),
('K3MTK4TIJNU760358','C3378134863','user05','2023-03-28',5423.56,'sold'),
('K4IZJXWXWJR973290','A7586405617','user22','2023-03-31',7257.96,'forbidden'),
('KBYS182F2ID559258','B3463874026','user09','2022-10-08',2267.71,'sold'),
('KCXGZEVS1QW404654','C0222944298','user10','2022-08-20',1888.63,'sold'),
('KE1QKPKS6Q8459351','B0867624567','user16','2022-07-12',2513.32,'sold'),
('KEZRVGOFFMA250868','A9361688715','user05','2022-12-08',4646.30,'forbidden'),
('KW1EHM2N1UB940362','A5090337834','user10','2023-02-14',1778.47,'forbidden'),
('KZQ5C1NSWAJ790169','B9946174152','user04','2023-07-08',3639.95,'sold'),
('L3ETEZZL0ER968032','B1852208630','user15','2023-08-10',2315.28,'saleable'),
('L535DHDAU62985677','B0867624567','user19','2023-02-13',4290.93,'sold'),
('L6EFDBPTY1B405814','C5211782393','user18','2022-12-11',1946.82,'sold'),
('L712UQJXM4L524142','D0473669739','user18','2022-08-15',3195.56,'sold'),
('LLPNU12CY5C440662','B0867624567','user10','2023-03-03',1480.54,'forbidden'),
('LQHDVXVOOUT107133','D8832785149','user04','2022-12-10',1794.24,'saleable'),
('LRB2H3BHPKX650155','C8583214663','user11','2022-09-08',2166.24,'sold'),
('LWA5MXOU4MD327938','18-3775909','owner','2023-07-20',4559.65,'sold'),
('LYPZILOBZ87153615','A1663169974','user06','2023-01-01',2712.19,'sold'),
('M0S6NVFHN2E042385','B6301637672','user19','2023-05-21',8341.09,'sold'),
('M3VW8YIQKWT779745','A4599693068','user11','2022-07-15',7257.96,'sold'),
('M4E2PBWXZFJ700371','A0673790301','user09','2022-09-13',5050.91,'forbidden'),
('MAO8BQ1NDT7049472','B1715775889','user16','2022-08-10',4559.65,'sold'),
('MATGJILCBL4124189','A9361688715','user10','2023-05-09',1216.12,'sold'),
('ME064DUO8S0025936','49-9516264','user16','2023-01-27',1313.07,'forbidden'),
('MJT0LBERDE8792947','B3463874026','user19','2023-08-22',2834.73,'sold'),
('MJZ2P85E65M015209','C2317543508','owner','2022-10-31',4436.52,'sold'),
('MM2NLRDRNXX156196','97-5522995','user18','2023-01-31',20036.73,'sold'),
('MPXFMDRYC6D036656','C6220644674','user19','2023-06-04',1339.48,'sold'),
('MRHT53HXAKW856444','C4236470136','user22','2023-07-22',3285.70,'sold'),
('MRHV8EI5ETH324409','C4774668646','owner','2022-11-21',3195.56,'sold'),
('MTBE6DK55IO892347','C3225068735','owner','2023-08-06',3054.94,'forbidden'),
('N2VSLYX8OXL077775','49-0400043','user10','2023-06-09',3593.77,'sold'),
('N5QQ2WLB5PL198189','46-7746081','user15','2023-03-15',2586.28,'sold'),
('N64LL1WC63N759701','46-7746081','user22','2023-08-15',1461.71,'sold'),
('NF2DBQEFZ0N234783','43-3403883','user22','2022-07-19',1858.77,'sold'),
('NJFDCKXL34E222565','A0615216027','user19','2022-07-16',6147.57,'sold'),
('NKY5WJPCYVC675161','A7586405617','user06','2023-03-29',4952.95,'forbidden'),
('NLYCMW5DAS5194596','D4519725290','user09','2022-10-08',1769.90,'forbidden'),
('NM3BN4RJS1M492634','46-7746081','user11','2022-11-07',3160.01,'forbidden'),
('NNKIP3UNIGZ353715','D2498998888','user04','2023-05-26',4585.96,'sold'),
('NRQQC5OQ0F4586467','B0838220816','user05','2023-05-30',1384.05,'forbidden'),
('NV7YPGMDYFH278949','94-7914925','user10','2022-09-18',1476.79,'sold'),
('NVHYWIDW4WI400980','C7183960183','user16','2023-08-21',3435.82,'forbidden'),
('O0LX0JY57BT960015','D9223276847','user05','2023-06-13',2066.80,'sold'),
('O1C66KL1VK4840531','C4987856002','user16','2023-02-21',5235.38,'sold'),
('OA1F76XJUQS608395','A9525842110','user09','2023-05-27',1923.78,'sold'),
('OETQ6SV7QKM285952','C9346888737','user16','2023-05-15',4646.30,'sold'),
('OMDPS8X50N7546352','A0262371356','user22','2023-04-10',1252.18,'sold'),
('OMJKHKQNFKJ761643','D7912550520','user15','2022-12-06',7257.96,'sold'),
('OQPBCN4Y1YB733979','18-3775909','user15','2023-03-24',4980.10,'sold'),
('OY3DWMTTXNP309610','A0615216027','user18','2023-08-28',1716.10,'forbidden'),
('P54475O4N8K403608','A3710653626','user19','2023-06-04',5241.86,'sold'),
('P7NLPCKCGFU554815','D8191703970','user13','2023-03-18',3271.32,'sold'),
('PBJA5AUSTU5098920','46-6607006','user13','2023-05-02',2201.22,'sold'),
('PEB0OLCPG6W994144','C3225068735','user11','2023-06-24',1820.73,'sold'),
('PFRYPJOGJ51531310','96-6692589','user11','2022-12-08',1476.79,'sold'),
('PI5K0FV5WKD862880','A9302873941','user15','2022-10-14',4791.74,'sold'),
('PKFGEZTKARS310898','D2600960022','user22','2022-12-12',7129.88,'sold'),
('PLMR41N2YPR821121','A0310274381','user05','2023-08-30',2097.26,'sold'),
('PLPMWBZXIDB972615','B9892813591','user15','2023-07-24',1465.60,'sold'),
('POBJLZ8FZN0427016','81-7754883','owner','2023-07-25',8627.19,'sold'),
('PYWDSWXK5X5262660','C7548135047','user22','2022-11-12',3551.46,'sold'),
('Q3TT4GKZDHK659352','B1456216849','user09','2023-07-28',5394.41,'sold'),
('Q6C80HSWMFK634460','D4831519171','owner','2022-08-12',1386.63,'sold'),
('QF6QBNKTPSA019446','B0794790966','user04','2022-07-27',3049.06,'forbidden'),
('QPMO737UII0340028','B4419028056','user11','2023-03-18',1185.52,'forbidden'),
('QV77RP24AZ3546581','C6220644674','user22','2022-08-09',1216.12,'sold'),
('QVSOV4QTXAE520972','07-2036529','user18','2023-01-28',1496.02,'forbidden'),
('QWYUAF6GIGE744209','A8645646644','user11','2022-12-03',3617.81,'sold'),
('R3Q6NWXL5OK028859','C9346888737','owner','2022-08-29',1853.27,'sold'),
('RAZB0H0MQX5869731','B3170194836','user15','2022-08-28',4559.65,'forbidden'),
('RH3XN0D50EO772614','43-3403883','user13','2022-12-02',1762.11,'sold'),
('RP3I3QO2BYF582498','C5341904042','user16','2023-04-29',2647.38,'forbidden'),
('RRRZH6PBRYY000587','C4774668646','user19','2023-03-06',2405.57,'forbidden'),
('RTV8NXYO2D4310350','B7131079555','user05','2022-10-31',1818.28,'saleable'),
('RXLO3PC8EG8307071','29-6662491','user13','2022-12-24',1403.88,'sold'),
('SAN8CKZV8O6386790','06-8876566','owner','2023-08-28',1023.03,'sold'),
('SC0ZRWACOEM768702','B3463874026','user19','2022-09-15',1874.32,'sold'),
('SL5LRZAJFUI810871','92-9016618','user22','2023-01-04',1023.03,'forbidden'),
('SLY1Q4WQXLP675951','C8307257184','user05','2022-10-11',3077.30,'sold'),
('SMZSGMQWSKI621717','B7131079555','user22','2023-06-12',1540.51,'sold'),
('SO6WD25XQVR636495','B1653942479','user22','2022-08-27',5313.46,'forbidden'),
('SPE2WMY887O932788','50-9862780','user16','2023-07-19',4559.65,'forbidden'),
('SSSGFBFNIOE995675','D5269489570','user10','2023-05-12',2106.56,'sold'),
('T1TFNQC1QZ0222284','B1715775889','user09','2022-12-25',4792.30,'sold'),
('TJY1H16Y6DA687801','D5508697748','user18','2023-04-29',1060.98,'saleable'),
('TOIFP5YHHJC099537','B1715775889','owner','2023-02-20',2764.86,'forbidden'),
('TRB4XOLO3Y2181257','C1967459004','user18','2022-08-02',3969.70,'sold'),
('TVFRONGULQ7855167','D9223276847','user05','2023-07-22',1014.91,'sold'),
('U1GXDUQ2NVP642154','C5399342731','user22','2023-02-22',2793.26,'forbidden'),
('U2SEQATJQIP647043','D9676746157','user10','2022-10-21',1544.78,'sold'),
('U3SEY7BL74U428566','A2135848728','user05','2023-07-24',3362.58,'sold'),
('U4DAG21M25I154677','22-1607231','user05','2023-02-08',3617.81,'sold'),
('U6AKQW00N22614671','C5399342731','user18','2022-12-03',4646.30,'sold'),
('U8CPVV20LCB872591','A0262371356','user15','2022-11-10',1627.40,'forbidden'),
('UAITKQ7KMQN776987','C4299342425','user05','2023-02-12',3617.81,'forbidden'),
('UDK1102XNQ4362369','50-0389893','user18','2023-04-12',4309.63,'forbidden'),
('UDOHJKQNZRU355125','A0184779785','user09','2022-09-01',5757.99,'sold'),
('UKRLDVVBSZZ487336','A5415348781','user16','2022-10-22',4585.96,'saleable'),
('UU2VI1MPOCJ886472','A0673790301','user11','2023-04-10',3228.13,'sold'),
('UVK0K4YAN4D361432','46-7746081','user15','2023-08-21',5043.96,'forbidden'),
('UYQXFHB268D227085','94-7914925','user05','2022-12-01',2891.79,'sold'),
('V08JG7APNII434369','A9416682035','user10','2022-07-08',1275.43,'sold'),
('V73RJYYHEIT850422','72-7273493','user13','2023-03-13',5260.42,'forbidden'),
('VJUYVX0SHHT606044','C5998099065','user18','2022-09-21',1140.51,'sold'),
('VLYZ0TBEDGM584853','20-2164350','user22','2022-08-30',3070.05,'sold'),
('VOCIAMIZKKN350227','C0266219877','user13','2023-06-05',1210.77,'forbidden'),
('VPER1TKLOPC634179','35-9898298','user19','2022-10-07',1289.66,'sold'),
('VTJI8XXO2CO552773','D5508697748','user19','2023-04-20',1766.52,'forbidden'),
('VTVE6444244403193','D1357716930','user13','2022-07-26',1476.79,'sold'),
('VWWOX3PM6QD757820','C8271029908','user09','2022-10-31',1262.57,'sold'),
('W17V1HTH5IW129737','C7780413175','user11','2022-07-22',3265.98,'forbidden'),
('W1R2THVZD6L234135','A0184779785','user04','2023-01-25',1262.57,'forbidden'),
('W85FIU0UPWJ342063','A5090337834','user06','2023-03-13',2834.73,'sold'),
('WGVK4P1UIPJ916959','B1961357406','user18','2023-06-02',1670.87,'forbidden'),
('WKNIUEPLNDU378894','B6923660033','user13','2022-10-21',4697.08,'sold'),
('WQGPTZ2HOU7481211','A0936623718','user22','2022-11-10',15195.08,'sold'),
('WWMN8RWHPDM674733','A2135848728','user15','2022-07-12',3220.80,'forbidden'),
('XJMTKD21FUV756318','B7131079555','user11','2022-10-05',1384.05,'forbidden'),
('XNUNZXGY3NC711419','A1518047114','user04','2023-08-08',1874.32,'sold'),
('XPBUWRX56F6412345','A9661106493','user06','2023-05-11',2723.58,'forbidden'),
('XUYF42BKSWK479574','D0233458616','user18','2022-10-19',2576.09,'sold'),
('Y0E0QLEFDDC702405','B1456216849','user06','2023-07-18',5190.70,'sold'),
('YA0EN8KRBAN266216','D0665878931','user16','2022-11-05',1310.54,'forbidden'),
('YFV4PPW4SW8405660','B6334165149','user09','2022-12-09',6648.87,'sold'),
('YIRV4C5U8MN581204','31-3545908','user09','2023-04-21',3189.45,'sold'),
('Z0405USEZKH796737','B1984877856','user04','2023-03-22',2906.51,'sold'),
('Z1QCG3DRQAX515930','C4774668646','user13','2023-08-06',2576.09,'sold'),
('Z8KJQAZ0L2C379316','C4236470136','user10','2022-07-02',6854.51,'sold'),
('ZBZRLDKTF22899385','C5399342731','user10','2022-10-05',4086.58,'sold'),
('ZDNMEDH0CHN556637','97-5522995','user09','2023-04-06',3512.58,'forbidden'),
('ZI36738ITE3999852','A7722007632','user05','2022-12-27',3448.24,'sold'),
('ZIOB2UP8DA8102221','B0838220816','user18','2023-04-12',2543.11,'sold'),
('ZMVRJH6HGUZ703892','C8271029908','user19','2023-05-19',3007.22,'sold'),
('ZO6LSHSSJHC695220','B3290593615','user05','2023-07-21',1265.21,'forbidden'),
('ZPSM0A6MZXM357384','A1663169974','user18','2023-04-13',1874.61,'sold'),
('ZR3ABC4M7DZ405619','C3914994260','owner','2022-08-24',2130.94,'sold'),
('ZUG6F1Z7LAY309325','A9149940556','user18','2023-03-23',1011.49,'saleable');

/*Table structure for table `manufacturer` */

DROP TABLE IF EXISTS `manufacturer`;

CREATE TABLE `manufacturer` (
  `vmaker` varchar(50) CHARACTER SET utf8mb4 COLLATE utf8mb4_unicode_ci NOT NULL ,
  PRIMARY KEY (`vmaker`)
) ENGINE=InnoDB DEFAULT CHARSET=utf8mb4 COLLATE=utf8mb4_unicode_ci;

/*Data for the table `manufacturer` */

insert  into `manufacturer`(`vmaker`) values 
('Acura'),
('Alfa'),
('AstonMartin'),
('Audi'),
('Bentley'),
('BMW'),
('Buick'),
('Cadillac'),
('Chevrolet'),
('Chrysler'),
('Dodge'),
('Ferrari'),
('FIAT'),
('Ford'),
('Geeley'),
('Genesis'),
('GMC'),
('Honda'),
('Hyundai'),
('INFINITI'),
('Jaguar'),
('Jeep'),
('Karma'),
('Kia'),
('Lamborghini'),
('LandRover'),
('Lexus'),
('Lincoln'),
('Lotus'),
('Maserati'),
('MAZDA'),
('McLaren'),
('Mercedes-Benz'),
('MINI'),
('Mitsubishi'),
('Nio'),
('Nissan'),
('Porsche'),
('Ram'),
('Rivian'),
('Rolls-Royce'),
('Romeo'),
('smart'),
('Subaru'),
('Tesla'),
('Toyota'),
('Volkswagen'),
('Volvo'),
('XPeng');

/*Table structure for table `part` */

DROP TABLE IF EXISTS `part`;

CREATE TABLE `part` (
  `part_number` varchar(50) CHARACTER SET utf8mb4 COLLATE utf8mb4_unicode_ci NOT NULL ,
  `description` varchar(200) CHARACTER SET utf8mb4 COLLATE utf8mb4_unicode_ci DEFAULT NULL ,
  `cost_of_part` decimal(10,2) NOT NULL ,
  `status` varchar(50) CHARACTER SET utf8mb4 COLLATE utf8mb4_unicode_ci NOT NULL ,
  `purchase_order_number` varchar(50) CHARACTER SET utf8mb4 COLLATE utf8mb4_unicode_ci DEFAULT NULL ,
  `quantity` int NOT NULL ,
  PRIMARY KEY (`part_number`),
  KEY `purchase_order_number` (`purchase_order_number`),
  CONSTRAINT `part_ibfk_1` FOREIGN KEY (`purchase_order_number`) REFERENCES `parts_order` (`purchase_order_number`)
) ENGINE=InnoDB DEFAULT CHARSET=utf8mb4 COLLATE=utf8mb4_unicode_ci;

/*Data for the table `part` */

/*Table structure for table `parts_order` */

DROP TABLE IF EXISTS `parts_order`;

CREATE TABLE `parts_order` (
  `purchase_order_number` varchar(50) CHARACTER SET utf8mb4 COLLATE utf8mb4_unicode_ci NOT NULL ,
  `quantity` int NOT NULL ,
  `total_of_cost` decimal(10,2) NOT NULL ,
  `vin` varchar(50) CHARACTER SET utf8mb4 COLLATE utf8mb4_unicode_ci NOT NULL ,
  `vendor_name` varchar(50) CHARACTER SET utf8mb4 COLLATE utf8mb4_unicode_ci NOT NULL ,
  `inventory_clerk` varchar(50) CHARACTER SET utf8mb4 COLLATE utf8mb4_unicode_ci NOT NULL ,
  `status` varchar(50) COLLATE utf8mb4_unicode_ci NOT NULL,
  `description` varchar(200) COLLATE utf8mb4_unicode_ci DEFAULT NULL,
  PRIMARY KEY (`purchase_order_number`,`vin`),
  KEY `vin` (`vin`),
  KEY `vendor_name` (`vendor_name`),
  CONSTRAINT `parts_order_ibfk_1` FOREIGN KEY (`vin`) REFERENCES `vehicle` (`vin`),
  CONSTRAINT `parts_order_ibfk_2` FOREIGN KEY (`vendor_name`) REFERENCES `vendor` (`vendor_name`)
) ENGINE=InnoDB DEFAULT CHARSET=utf8mb4 COLLATE=utf8mb4_unicode_ci;

/*Data for the table `parts_order` */

insert  into `parts_order`(`purchase_order_number`,`quantity`,`total_of_cost`,`vin`,`vendor_name`,`inventory_clerk`,`status`,`description`) values 
('BG-BAE0000-01',1,39.40,'PYWDSWXK5X5262660','Bioholding','','installed','Bonnet/hood'),
('BG-BAE0001-01',1,1.15,'JA7U5AG0WEE170652','Bioholding','','ordered','Bumper'),
('BG-BAE0001-02',2,20.32,'ZO6LSHSSJHC695220','Bioholding','','received','Bumper'),
('BG-BAE0002-01',1,96.92,'HJHFHI4TARG736468','Bioholding','','installed','Unexposed bumper'),
('BG-BAE0006-05',1,23.82,'ME064DUO8S0025936','Bioholding','','installed','Fascia rear and support'),
('BG-BAE0008-02',1,14.55,'TRB4XOLO3Y2181257','Bioholding','','installed','Front clip'),
('BG-BAE0009-01',1,8.53,'036EG6XGHFJ822528','Bioholding','','installed','Front fascia and header panel'),
('BG-BAE0011-03',1,45.68,'PYWDSWXK5X5262660','Bioholding','','installed','Pillar and hard trim'),
('BG-BAE0011-05',2,3.95,'ME064DUO8S0025936','Bioholding','','ordered','Pillar and hard trim'),
('BG-BAE0013-01',2,124.65,'J05SWPOXE56492516','Bioholding','','installed','Radiator core support'),
('BG-BAE0013-01',2,38.45,'JA7U5AG0WEE170652','Bioholding','','ordered','Radiator core support'),
('BG-BAE0014-02',2,82.14,'UU2VI1MPOCJ886472','Bioholding','','installed','Rocker panel'),
('BG-BAE0017-01',1,72.54,'036EG6XGHFJ822528','Bioholding','','installed','Front spoiler'),
('BG-BAE0018-03',1,9.92,'1RMG763RUOZ482821','Bioholding','','ordered','Rear spoiler'),
('BG-BAE0019-02',3,23.70,'I5E5PHXL5CF199096','Bioholding','','received','Trim package'),
('BG-BAED0023-05',1,87.55,'2Y1UCXYY50T192604','Bioholding','','installed','Door beam and panel'),
('BG-BAED0028-03',2,86.07,'1RMG763RUOZ482821','Bioholding','','installed','Door watershield'),
('BG-BAED0030-05',2,204.77,'0O56VQ0TP1C342110','Bioholding','','installed','Door and bonnet'),
('BG-BAEW0033-03',1,4.83,'0SR7K3TGOVW149442','Bioholding','','installed','Glass'),
('BG-BAEW0035-03',1,0.49,'OY3DWMTTXNP309610','Bioholding','','ordered','Sunroof motor'),
('BG-BAEW0040-02',1,0.95,'ZO6LSHSSJHC695220','Bioholding','','received','Window seal'),
('BG-EAEAD0041-02',1,44.95,'I5E5PHXL5CF199096','Bioholding','','received','Antenna assembly'),
('BG-EAECS0049-01',1,47.59,'PYWDSWXK5X5262660','Bioholding','','installed','Alternator bearing'),
('BG-EAECS0051-01',1,91.60,'UVK0K4YAN4D361432','Bioholding','','installed','Alternator fan'),
('BG-EAEESS0055-02',1,74.74,'1RMG763RUOZ482821','Bioholding','','installed','Battery box'),
('BG-EAEESS0056-02',1,3.63,'ZO6LSHSSJHC695220','Bioholding','','ordered','Battery cable terminal'),
('BG-EAEESS0059-03',1,54.12,'LYPZILOBZ87153615','Bioholding','','installed','Battery plate'),
('BG-EAEESS0060-02',1,68.89,'1V61QHRD20E210923','Bioholding','','ordered','Battery tray'),
('BG-EAEESS0060-03',1,96.50,'1RMG763RUOZ482821','Bioholding','','received','Battery tray'),
('BG-EAEESS0061-01',1,24.37,'1U7J5TO2RMU974230','Bioholding','','installed','Voltage regulator'),
('BG-EAEGAM0064-05',1,59.29,'2Y1UCXYY50T192604','Bioholding','','installed','Dynamometer'),
('BG-EAEGAM0073-01',1,37.07,'EJET1HMTOKB682315','Bioholding','','received','Voltmeter'),
('BG-EAEIS0076-02',1,34.03,'1RMG763RUOZ482821','Bioholding','','installed','Distributor'),
('BG-EAEIS0081-03',1,27.24,'0SR7K3TGOVW149442','Bioholding','','installed','Ignition controller'),
('BG-EAELASS0083-05',1,149.48,'2Y1UCXYY50T192604','Bioholding','','installed','Engine bay lighting'),
('BG-EAELASS0087-01',1,14.14,'VTJI8XXO2CO552773','Bioholding','','received','Headlight motor'),
('BG-EAELASS0088-02',1,43.86,'1V61QHRD20E210923','Bioholding','','received','Interior light and lamp'),
('BG-EAELASS0091-01',1,102.93,'HJHFHI4TARG736468','Bioholding','','installed','Tail light'),
('BG-EAEM0132-01',1,46.19,'6ZG2Z4HYIKW532605','Bioholding','','installed','Air bag control module'),
('BG-EAEM0132-02',2,53.30,'F42NYNK4BK3657449','Bioholding','','installed','Air bag control module'),
('BG-EAEM0133-02',1,37.11,'I5E5PHXL5CF199096','Bioholding','','installed','Alarm and siren'),
('BG-EAEM0136-05',1,38.96,'ME064DUO8S0025936','Bioholding','','received','Cruise control computer'),
('BG-EAEM0137-02',1,22.80,'MTBE6DK55IO892347','Bioholding','','received','Door contact'),
('BG-EAEM0138-03',2,48.48,'LYPZILOBZ87153615','Bioholding','','installed','Engine computer and management system'),
('BG-EAEM0140-05',2,15.68,'MPXFMDRYC6D036656','Bioholding','','installed','Fuse'),
('BG-EAEM0143-01',4,31.82,'PYWDSWXK5X5262660','Bioholding','','installed','Performance Monitor'),
('BG-EAEM0149-01',1,1.28,'1U7J5TO2RMU974230','Bioholding','','installed','Transmission computer'),
('BG-EAES0094-05',1,26.01,'2Y1UCXYY50T192604','Bioholding','','installed','Anti-pinch sensor'),
('BG-EAES0096-02',1,57.71,'1V61QHRD20E210923','Bioholding','','received','Crankshaft position sensor'),
('BG-EAES0096-02',1,29.28,'TRB4XOLO3Y2181257','Bioholding','','installed','Crankshaft position sensor'),
('BG-EAES0096-02',4,11.38,'UU2VI1MPOCJ886472','Bioholding','','installed','Crankshaft position sensor'),
('BG-EAES0102-02',1,52.39,'MTBE6DK55IO892347','Bioholding','','received','Oxygen sensor'),
('BG-EAES0102-03',3,22.47,'PYWDSWXK5X5262660','Bioholding','','installed','Oxygen sensor'),
('BG-EAES0103-01',2,59.99,'3EAZYH5SPE8904041','Bioholding','','installed','Power-steering pressure sensor'),
('BG-EAES0104-03',1,25.85,'PYWDSWXK5X5262660','Bioholding','','installed','Pressure sensor'),
('BG-EAES0107-03',1,115.91,'1RMG763RUOZ482821','Bioholding','','installed','Temperature sensor'),
('BG-EAES0112-02',1,25.38,'1RMG763RUOZ482821','Bioholding','','received','IMA sensor'),
('BG-EAES0113-01',1,15.31,'N64LL1WC63N759701','Bioholding','','installed','Oil level sensor'),
('BG-EAES0114-02',4,12.54,'I5E5PHXL5CF199096','Bioholding','','ordered','ABS sensor'),
('BG-EAESS0115-02',2,24.06,'F42NYNK4BK3657449','Bioholding','','installed','Starter'),
('BG-EAESS0117-03',1,27.03,'U1GXDUQ2NVP642154','Bioholding','','received','Starter Motor'),
('BG-EAESS0119-03',1,33.00,'U1GXDUQ2NVP642154','Bioholding','','ordered','Spark Plug'),
('BG-EAEWH0128-02',2,55.92,'1RMG763RUOZ482821','Bioholding','','installed','Air conditioning harness'),
('BG-EAEWH0128-05',1,34.45,'ME064DUO8S0025936','Bioholding','','ordered','Air conditioning harness'),
('BG-EAEWH0128-05',1,17.68,'MPXFMDRYC6D036656','Bioholding','','installed','Air conditioning harness'),
('BG-EAEWH0131-03',4,33.43,'OY3DWMTTXNP309610','Bioholding','','ordered','Underfloor harness'),
('BG-ICS0153-02',1,66.22,'MTBE6DK55IO892347','Bioholding','','received','Armrest'),
('BG-ICS0155-01',1,3.39,'EJET1HMTOKB682315','Bioholding','','ordered','Bucket Seat'),
('BG-ICS0157-03',1,35.82,'OY3DWMTTXNP309610','Bioholding','','installed','Fastener'),
('BG-ICS0160-01',1,45.79,'HJHFHI4TARG736468','Bioholding','','installed','Seat bracket'),
('BG-ICS0161-01',2,34.18,'1U7J5TO2RMU974230','Bioholding','','installed','Seat cover'),
('BG-ICS0161-03',1,36.44,'0SR7K3TGOVW149442','Bioholding','','installed','Seat cover'),
('BG-IFCAP0151-04',1,5.61,'0SR7K3TGOVW149442','Bioholding','','installed','Carpet and other floor material'),
('BG-IFCAP0152-01',1,120.75,'UVK0K4YAN4D361432','Bioholding','','ordered','Center console'),
('BG-PACBS0166-01',4,39.08,'J05SWPOXE56492516','Bioholding','','installed','Anchor'),
('BG-PACBS0166-03',1,69.36,'PYWDSWXK5X5262660','Bioholding','','installed','Anchor'),
('BG-PACBS0168-01',1,52.89,'A1GTY6T551Q455502','Bioholding','','installed','Brake backing plate'),
('BG-PACBS0172-02',2,13.82,'ZO6LSHSSJHC695220','Bioholding','','installed','Brake drum'),
('BG-PACBS0175-01',1,61.25,'3EAZYH5SPE8904041','Bioholding','','installed','Brake pedal'),
('BG-PACBS0178-01',1,115.82,'P54475O4N8K403608','Bioholding','','installed','Brake roll'),
('BG-PACBS0180-02',1,44.88,'1V61QHRD20E210923','Bioholding','','received','Brake servo'),
('BG-PACBS0182-01',1,20.11,'N64LL1WC63N759701','Bioholding','','installed','Brake lining'),
('BG-PACBS0183-01',2,91.00,'6ZG2Z4HYIKW532605','Bioholding','','installed','Shoe web'),
('BG-PACBS0183-03',2,11.04,'OY3DWMTTXNP309610','Bioholding','','installed','Shoe web'),
('BG-PACBS0184-01',1,75.04,'6ZG2Z4HYIKW532605','Bioholding','','installed','Brake warning light'),
('BG-PACBS0184-01',1,50.69,'PYWDSWXK5X5262660','Bioholding','','installed','Brake warning light'),
('BG-PACBS0185-01',2,25.74,'1U7J5TO2RMU974230','Bioholding','','received','Calibrated friction brake'),
('BG-PACBS0186-02',1,15.23,'F42NYNK4BK3657449','Bioholding','','installed','Caliper'),
('BG-PACBS0189-01',1,2.75,'UVK0K4YAN4D361432','Bioholding','','received','Hold-down springs'),
('BG-PACBS0190-01',1,142.64,'UVK0K4YAN4D361432','Bioholding','','installed','Hose'),
('BG-PACBS0196-02',1,36.72,'TRB4XOLO3Y2181257','Bioholding','','installed','Master Cylinder'),
('BG-PACBS0197-03',1,43.93,'55M41D1AGKW204016','Bioholding','','installed','Metering valve'),
('BG-PACBS0197-03',1,83.72,'U1GXDUQ2NVP642154','Bioholding','','received','Metering valve'),
('DE-BAE0000-01',1,23.11,'03KAPEOTGE8482192','Donware','','installed','Bonnet/hood'),
('DE-BAE0009-02',1,77.54,'0O56VQ0TP1C342110','Donware','','installed','Front fascia and header panel'),
('DE-BAE0011-01',1,51.42,'EV4TH4BF5DQ470200','Donware','','installed','Pillar and hard trim'),
('DE-BAE0021-04',2,21.63,'8U653RXUMZY984495','Donware','','received','Valance'),
('DE-BAE0022-01',1,48.58,'UU2VI1MPOCJ886472','Donware','','installed','Welded assembly'),
('DE-BAE0022-02',1,101.56,'J05SWPOXE56492516','Donware','','installed','Welded assembly'),
('DE-BAED0023-03',1,16.58,'1HHB3PGRMMK153438','Donware','','ordered','Door beam and panel'),
('DE-BAED0024-01',1,37.91,'ZI36738ITE3999852','Donware','','installed','Outer door handle'),
('DE-BAED0025-05',1,5.38,'0SR7K3TGOVW149442','Donware','','installed','Inner door handle'),
('DE-BAEW0035-01',1,64.67,'ZI36738ITE3999852','Donware','','installed','Sunroof motor'),
('DE-BAEW0037-05',1,20.60,'Q6C80HSWMFK634460','Donware','','installed','Window regulator'),
('DE-EAEAD0041-03',4,14.64,'FA7LJ664E04088299','Donware','','installed','Antenna assembly'),
('DE-EAEAD0046-01',1,42.31,'UAITKQ7KMQN776987','Donware','','received','Tuner'),
('DE-EAEAD0046-01',4,80.66,'W85FIU0UPWJ342063','Donware','','installed','Tuner'),
('DE-EAEAD0046-02',1,208.70,'0O56VQ0TP1C342110','Donware','','installed','Tuner'),
('DE-EAEAD0046-04',2,42.13,'Z0405USEZKH796737','Donware','','installed','Tuner'),
('DE-EAECS0048-01',1,5.07,'CXGQS7AZP6I329568','Donware','','received','Alternator'),
('DE-EAECS0048-01',1,38.05,'W85FIU0UPWJ342063','Donware','','installed','Alternator'),
('DE-EAECS0049-02',2,38.88,'0O56VQ0TP1C342110','Donware','','installed','Alternator bearing'),
('DE-EAECS0049-03',3,17.10,'8WLKEABOQM5965804','Donware','','installed','Alternator bearing'),
('DE-EAECS0050-01',1,16.14,'1JRH0ZBVOBE937509','Donware','','installed','Alternator bracket'),
('DE-EAECS0052-02',2,200.69,'0O56VQ0TP1C342110','Donware','','installed','Other alternator parts'),
('DE-EAEESS0054-01',1,63.24,'ZI36738ITE3999852','Donware','','installed','Performance battery'),
('DE-EAEESS0054-04',1,2.08,'QVSOV4QTXAE520972','Donware','','ordered','Performance battery'),
('DE-EAEESS0056-01',1,89.06,'NM3BN4RJS1M492634','Donware','','received','Battery cable terminal'),
('DE-EAEESS0056-01',1,8.76,'Z1QCG3DRQAX515930','Donware','','installed','Battery cable terminal'),
('DE-EAEESS0057-03',1,82.89,'1GIQVMBR2A2798107','Donware','','installed','Battery cable'),
('DE-EAEESS0060-01',1,141.41,'M3VW8YIQKWT779745','Donware','','installed','Battery tray'),
('DE-EAEESS0061-03',1,10.22,'8WLKEABOQM5965804','Donware','','installed','Voltage regulator'),
('DE-EAEGAM0064-04',1,25.73,'QVSOV4QTXAE520972','Donware','','installed','Dynamometer'),
('DE-EAEGAM0065-01',1,61.73,'I4ZQBJWMKGO132368','Donware','','installed','Fuel gauge'),
('DE-EAEGAM0070-01',1,31.96,'EV4TH4BF5DQ470200','Donware','','installed','Temperature gauge'),
('DE-EAEGAM0070-03',1,57.35,'1GIQVMBR2A2798107','Donware','','installed','Temperature gauge'),
('DE-EAEGAM0071-01',1,44.76,'FLACGVUE5FI388538','Donware','','installed','Tire pressure gauge'),
('DE-EAEIS0076-05',1,22.96,'0SR7K3TGOVW149442','Donware','','installed','Distributor'),
('DE-EAEIS0078-01',2,4.54,'EV4TH4BF5DQ470200','Donware','','installed','Ignition box'),
('DE-EAEIS0078-05',1,15.98,'Q6C80HSWMFK634460','Donware','','installed','Ignition box'),
('DE-EAEIS0079-01',1,81.97,'UAITKQ7KMQN776987','Donware','','installed','Ignition Coil'),
('DE-EAELASS0083-03',1,16.22,'1HHB3PGRMMK153438','Donware','','received','Engine bay lighting'),
('DE-EAEM0132-01',1,21.70,'UAITKQ7KMQN776987','Donware','','installed','Air bag control module'),
('DE-EAEM0138-01',1,37.38,'FLACGVUE5FI388538','Donware','','installed','Engine computer and management system'),
('DE-EAEM0139-02',2,52.72,'PYWDSWXK5X5262660','Donware','','installed','Engine control unit'),
('DE-EAEM0139-03',1,50.62,'4TJ5T18OMFN710800','Donware','','installed','Engine control unit'),
('DE-EAEM0139-03',1,40.23,'FA7LJ664E04088299','Donware','','ordered','Engine control unit'),
('DE-EAEM0143-04',2,45.21,'8U653RXUMZY984495','Donware','','installed','Performance Monitor'),
('DE-EAEM0144-02',1,34.97,'PYWDSWXK5X5262660','Donware','','installed','Relay connector'),
('DE-EAEM0144-04',1,104.79,'8U653RXUMZY984495','Donware','','installed','Relay connector'),
('DE-EAEM0145-01',3,50.47,'8UU0VC3VENC905922','Donware','','installed','Remote lock'),
('DE-EAEM0149-01',1,41.33,'EV4TH4BF5DQ470200','Donware','','installed','Transmission computer'),
('DE-EAEM0150-01',1,26.22,'03KAPEOTGE8482192','Donware','','ordered','Wiring connector'),
('DE-EAES0096-02',1,18.99,'HJHFHI4TARG736468','Donware','','installed','Crankshaft position sensor'),
('DE-EAES0100-05',1,17.34,'Q6C80HSWMFK634460','Donware','','installed','Light sensor'),
('DE-EAES0101-01',1,136.35,'M3VW8YIQKWT779745','Donware','','installed','Manifold absolute pressure sensor'),
('DE-EAES0107-03',1,14.15,'V08JG7APNII434369','Donware','','installed','Temperature sensor'),
('DE-EAES0110-01',1,93.64,'8UU0VC3VENC905922','Donware','','installed','TDC sensor'),
('DE-EAES0110-05',1,0.85,'0SR7K3TGOVW149442','Donware','','installed','TDC sensor'),
('DE-EAES0114-02',4,10.07,'U1GXDUQ2NVP642154','Donware','','ordered','ABS sensor'),
('DE-EAES0122-01',1,3.39,'I4ZQBJWMKGO132368','Donware','','installed','Power window switch'),
('DE-EAES0122-01',1,29.96,'UU2VI1MPOCJ886472','Donware','','installed','Power window switch'),
('DE-EAES0126-04',1,1.00,'QVSOV4QTXAE520972','Donware','','ordered','Thermostat'),
('DE-EAEWH0129-01',4,15.86,'1JRH0ZBVOBE937509','Donware','','installed','Engine compartment harness'),
('DE-EAEWH0131-01',1,53.76,'IXZVB277TU2768773','Donware','','installed','Underfloor harness'),
('DE-ICS0159-03',1,12.74,'V08JG7APNII434369','Donware','','installed','Seat Belt'),
('DE-ICS0162-01',1,94.64,'OETQ6SV7QKM285952','Donware','','installed','Seat track'),
('DE-ICS0162-03',1,38.93,'8WLKEABOQM5965804','Donware','','installed','Seat track'),
('DE-PACBS0163-01',4,88.55,'ZI36738ITE3999852','Donware','','installed','Anti-lock braking system'),
('DE-PACBS0164-01',4,23.63,'CXGQS7AZP6I329568','Donware','','ordered','ABS steel pin'),
('DE-PACBS0164-02',1,5.79,'PYWDSWXK5X5262660','Donware','','installed','ABS steel pin'),
('DE-PACBS0165-01',2,0.06,'FLACGVUE5FI388538','Donware','','installed','Adjusting mechanism'),
('DE-PACBS0165-03',1,22.93,'V08JG7APNII434369','Donware','','installed','Adjusting mechanism'),
('DE-PACBS0166-01',1,187.34,'M3VW8YIQKWT779745','Donware','','installed','Anchor'),
('DE-PACBS0166-04',1,35.47,'QVSOV4QTXAE520972','Donware','','received','Anchor'),
('DE-PACBS0169-01',1,50.45,'5MS17EW23YR611242','Donware','','installed','Brake backing pad'),
('DE-PACBS0169-03',4,49.93,'4TJ5T18OMFN710800','Donware','','installed','Brake backing pad'),
('DE-PACBS0170-01',2,104.70,'8UU0VC3VENC905922','Donware','','installed','Brake cooling duct'),
('DE-PACBS0175-01',3,73.78,'NM3BN4RJS1M492634','Donware','','ordered','Brake pedal'),
('DE-PACBS0176-04',1,8.87,'YA0EN8KRBAN266216','Donware','','installed','Brake piston'),
('DE-PACBS0177-01',1,5.81,'IXZVB277TU2768773','Donware','','installed','Brake pump'),
('DE-PACBS0177-02',1,24.95,'KBYS182F2ID559258','Donware','','installed','Brake pump'),
('DE-PACBS0177-05',1,27.22,'0SR7K3TGOVW149442','Donware','','installed','Brake pump'),
('DE-PACBS0178-03',1,23.72,'8WLKEABOQM5965804','Donware','','installed','Brake roll'),
('DE-PACBS0181-03',2,36.16,'FA7LJ664E04088299','Donware','','installed','Brake shoe'),
('DE-PACBS0182-01',2,35.93,'IXZVB277TU2768773','Donware','','installed','Brake lining'),
('DE-PACBS0183-01',1,17.87,'1JRH0ZBVOBE937509','Donware','','installed','Shoe web'),
('DE-PACBS0189-02',1,33.69,'J05SWPOXE56492516','Donware','','installed','Hold-down springs'),
('DE-PACBS0190-01',1,19.79,'CXGQS7AZP6I329568','Donware','','installed','Hose'),
('DE-PACBS0191-01',1,0.93,'IXZVB277TU2768773','Donware','','installed','Brake booster hose'),
('DE-PACBS0195-01',1,63.13,'UAITKQ7KMQN776987','Donware','','installed','Load-sensing valve'),
('DE-PACBS0195-03',2,7.69,'V08JG7APNII434369','Donware','','installed','Load-sensing valve'),
('DH-BAE0008-02',4,141.48,'EDH6BDC74XY589172','Donquadtech','','installed','Front clip'),
('DH-BAE0009-04',1,88.49,'I2Y84J2JYUI249817','Donquadtech','','received','Front fascia and header panel'),
('DH-BAE0011-02',1,54.79,'4BW4C1KL6TZ577336','Donquadtech','','installed','Pillar and hard trim'),
('DH-BAE0015-04',1,1.92,'PI5K0FV5WKD862880','Donquadtech','','installed','Roof Rack'),
('DH-BAE0016-02',1,50.66,'EWUO21O8D0P959813','Donquadtech','','received','Spoiler'),
('DH-BAE0017-02',1,60.65,'NKY5WJPCYVC675161','Donquadtech','','received','Front spoiler'),
('DH-BAE0019-02',1,1.94,'B5Q25XY368S364688','Donquadtech','','installed','Trim package'),
('DH-BAE0019-03',1,27.20,'EDH6BDC74XY589172','Donquadtech','','installed','Trim package'),
('DH-BAED0028-02',1,23.40,'VJUYVX0SHHT606044','Donquadtech','','installed','Door watershield'),
('DH-BAED0032-04',1,37.30,'PI5K0FV5WKD862880','Donquadtech','','installed','Centre Locking'),
('DH-BAEW0033-01',1,18.37,'PFRYPJOGJ51531310','Donquadtech','','installed','Glass'),
('DH-BAEW0034-05',1,13.97,'VTVE6444244403193','Donquadtech','','installed','Sunroof'),
('DH-BAEW0035-01',2,76.86,'MJZ2P85E65M015209','Donquadtech','','installed','Sunroof motor'),
('DH-BAEW0035-03',1,82.42,'SO6WD25XQVR636495','Donquadtech','','received','Sunroof motor'),
('DH-BAEW0037-01',1,56.80,'MTBE6DK55IO892347','Donquadtech','','installed','Window regulator'),
('DH-BAEW0037-03',1,34.45,'2LUXDFJTYZA796766','Donquadtech','','received','Window regulator'),
('DH-BAEW0040-04',1,83.74,'PI5K0FV5WKD862880','Donquadtech','','installed','Window seal'),
('DH-EAECS0048-05',1,5.21,'VTVE6444244403193','Donquadtech','','installed','Alternator'),
('DH-EAECS0051-01',1,40.42,'PFRYPJOGJ51531310','Donquadtech','','installed','Alternator fan'),
('DH-EAEESS0054-01',1,90.04,'MJZ2P85E65M015209','Donquadtech','','installed','Performance battery'),
('DH-EAEESS0057-02',1,89.82,'0JMXH7GQF1K570196','Donquadtech','','installed','Battery cable'),
('DH-EAEGAM0063-01',1,85.17,'MTBE6DK55IO892347','Donquadtech','','ordered','Clinometer'),
('DH-EAEGAM0064-01',1,23.62,'0SR7K3TGOVW149442','Donquadtech','','installed','Dynamometer'),
('DH-EAEGAM0065-01',1,261.54,'E5W8EPPWZS0896119','Donquadtech','','installed','Fuel gauge'),
('DH-EAEGAM0066-01',1,32.08,'PFRYPJOGJ51531310','Donquadtech','','installed','Hydrometer'),
('DH-EAEGAM0066-02',5,77.65,'B5Q25XY368S364688','Donquadtech','','installed','Hydrometer'),
('DH-EAEGAM0068-01',1,12.76,'EUNRBUAUCXQ934676','Donquadtech','','installed','Speedometer'),
('DH-EAEGAM0070-02',1,125.02,'NKY5WJPCYVC675161','Donquadtech','','installed','Temperature gauge'),
('DH-EAEGAM0071-04',5,13.49,'MPXFMDRYC6D036656','Donquadtech','','installed','Tire pressure gauge'),
('DH-EAEGAM0072-03',1,43.63,'EDH6BDC74XY589172','Donquadtech','','installed','Vacuum gauge'),
('DH-EAEGAM0073-01',1,10.28,'PEB0OLCPG6W994144','Donquadtech','','installed','Voltmeter'),
('DH-EAEGAM0074-02',1,18.41,'BV7ZLIZN0R2917777','Donquadtech','','ordered','Water temperature meter'),
('DH-EAEIS0075-01',1,83.03,'5JVO4MGJYXC563627','Donquadtech','','ordered','Coil wire'),
('DH-EAELASS0090-03',3,26.52,'TRB4XOLO3Y2181257','Donquadtech','','installed','Side lighting'),
('DH-EAELASS0090-04',1,38.09,'MPXFMDRYC6D036656','Donquadtech','','installed','Side lighting'),
('DH-EAELASS0092-01',1,1.18,'PEB0OLCPG6W994144','Donquadtech','','installed','Tail light cover'),
('DH-EAEM0134-02',4,36.80,'0JMXH7GQF1K570196','Donquadtech','','installed','Central locking system'),
('DH-EAEM0134-02',1,28.99,'BYNUGAHZM1L977542','Donquadtech','','installed','Central locking system'),
('DH-EAEM0135-03',1,37.19,'SO6WD25XQVR636495','Donquadtech','','received','Chassis control computer'),
('DH-EAEM0144-03',2,51.27,'TRB4XOLO3Y2181257','Donquadtech','','installed','Relay connector'),
('DH-EAEM0145-04',1,5.52,'I2Y84J2JYUI249817','Donquadtech','','received','Remote lock'),
('DH-EAEM0147-02',1,3.56,'FLACGVUE5FI388538','Donquadtech','','installed','Speed controller'),
('DH-EAEM0147-04',1,71.65,'I2Y84J2JYUI249817','Donquadtech','','ordered','Speed controller'),
('DH-EAEM0149-02',4,36.21,'BYNUGAHZM1L977542','Donquadtech','','installed','Transmission computer'),
('DH-EAES0093-01',4,315.15,'E5W8EPPWZS0896119','Donquadtech','','installed','Airbag sensor'),
('DH-EAES0095-02',1,18.44,'B5Q25XY368S364688','Donquadtech','','installed','Camshaft position sensor'),
('DH-EAES0104-02',4,2.51,'FLACGVUE5FI388538','Donquadtech','','installed','Pressure sensor'),
('DH-EAES0105-02',1,11.44,'VJUYVX0SHHT606044','Donquadtech','','installed','Rain sensor'),
('DH-EAES0107-02',1,44.27,'4BW4C1KL6TZ577336','Donquadtech','','installed','Temperature sensor'),
('DH-EAES0108-01',3,14.40,'E5W8EPPWZS0896119','Donquadtech','','installed','Transmission input and output sensor'),
('DH-EAES0108-01',1,147.50,'K4IZJXWXWJR973290','Donquadtech','','ordered','Transmission input and output sensor'),
('DH-EAES0108-01',1,24.80,'PFRYPJOGJ51531310','Donquadtech','','installed','Transmission input and output sensor'),
('DH-EAES0108-05',1,13.29,'VTVE6444244403193','Donquadtech','','installed','Transmission input and output sensor'),
('DH-EAES0109-01',1,305.34,'E5W8EPPWZS0896119','Donquadtech','','installed','ABS brack sensor'),
('DH-EAES0109-02',1,68.69,'EDH6BDC74XY589172','Donquadtech','','installed','ABS brack sensor'),
('DH-EAES0109-02',1,114.81,'NKY5WJPCYVC675161','Donquadtech','','received','ABS brack sensor'),
('DH-EAES0111-02',1,88.93,'BV7ZLIZN0R2917777','Donquadtech','','received','MAP sensor'),
('DH-EAES0112-02',1,97.21,'EDH6BDC74XY589172','Donquadtech','','installed','IMA sensor'),
('DH-EAES0113-05',1,165.97,'Z8KJQAZ0L2C379316','Donquadtech','','installed','Oil level sensor'),
('DH-EAES0120-04',1,1.87,'I2Y84J2JYUI249817','Donquadtech','','ordered','Door switch'),
('DH-EAES0121-02',1,31.13,'BV7ZLIZN0R2917777','Donquadtech','','ordered','Ignition Switch'),
('DH-EAES0124-05',1,32.16,'VTVE6444244403193','Donquadtech','','installed','Switch cover'),
('DH-EAES0125-02',1,15.71,'NKY5WJPCYVC675161','Donquadtech','','received','Switch panel'),
('DH-EAES0126-01',1,204.48,'K4IZJXWXWJR973290','Donquadtech','','ordered','Thermostat'),
('DH-EAEWH0130-01',1,16.12,'EUNRBUAUCXQ934676','Donquadtech','','installed','Interior harness'),
('DH-ICS0156-02',1,3.57,'TOIFP5YHHJC099537','Donquadtech','','received','Children and baby car seat'),
('DH-ICS0157-01',1,43.68,'MJZ2P85E65M015209','Donquadtech','','installed','Fastener'),
('DH-ICS0157-02',1,63.42,'TOIFP5YHHJC099537','Donquadtech','','installed','Fastener'),
('DH-ICS0158-01',1,3.03,'EUNRBUAUCXQ934676','Donquadtech','','installed','Headrest'),
('DH-IFCAP0151-02',1,43.91,'FLACGVUE5FI388538','Donquadtech','','installed','Carpet and other floor material'),
('DH-IFCAP0152-03',1,107.60,'SO6WD25XQVR636495','Donquadtech','','installed','Center console'),
('DH-PACBS0164-03',1,87.15,'TRB4XOLO3Y2181257','Donquadtech','','installed','ABS steel pin'),
('DH-PACBS0167-01',2,34.10,'MTBE6DK55IO892347','Donquadtech','','ordered','Bleed nipple'),
('DH-PACBS0169-01',2,7.00,'BH6Z8Q8YUSV665327','Donquadtech','','installed','Brake backing pad'),
('DH-PACBS0171-02',1,8.74,'TOIFP5YHHJC099537','Donquadtech','','received','Brake disc'),
('DH-PACBS0174-03',1,54.42,'2LUXDFJTYZA796766','Donquadtech','','received','Brake pad'),
('DH-PACBS0174-03',1,100.52,'SO6WD25XQVR636495','Donquadtech','','installed','Brake pad'),
('DH-PACBS0178-01',1,79.94,'MTBE6DK55IO892347','Donquadtech','','ordered','Brake roll'),
('DH-PACBS0182-03',3,42.08,'VTJI8XXO2CO552773','Donquadtech','','received','Brake lining'),
('DH-PACBS0185-02',1,57.54,'EWUO21O8D0P959813','Donquadtech','','installed','Calibrated friction brake'),
('DH-PACBS0193-03',1,104.02,'TRB4XOLO3Y2181257','Donquadtech','','installed','Brake duct hose'),
('DH-PACBS0195-04',1,32.24,'MPXFMDRYC6D036656','Donquadtech','','installed','Load-sensing valve'),
('DH-PACBS0196-01',1,42.00,'EUNRBUAUCXQ934676','Donquadtech','','installed','Master Cylinder'),
('DH-PACBS0198-01',1,53.47,'PEB0OLCPG6W994144','Donquadtech','','installed','Other braking system parts'),
('DI-BAE0002-03',1,33.02,'RXLO3PC8EG8307071','Dontechi','','installed','Unexposed bumper'),
('DI-BAE0007-02',1,33.72,'YA0EN8KRBAN266216','Dontechi','','ordered','Fender Musical Instruments Corporation'),
('DI-BAE0008-02',2,139.48,'PKFGEZTKARS310898','Dontechi','','installed','Front clip'),
('DI-BAE0008-04',2,76.56,'YFV4PPW4SW8405660','Dontechi','','installed','Front clip'),
('DI-BAE0009-03',2,100.01,'BV7ZLIZN0R2917777','Dontechi','','received','Front fascia and header panel'),
('DI-BAE0011-02',2,52.96,'P54475O4N8K403608','Dontechi','','installed','Pillar and hard trim'),
('DI-BAE0013-03',1,39.97,'WGVK4P1UIPJ916959','Dontechi','','installed','Radiator core support'),
('DI-BAE0017-02',1,42.65,'O1C66KL1VK4840531','Dontechi','','installed','Front spoiler'),
('DI-BAE0020-01',1,123.79,'WKNIUEPLNDU378894','Dontechi','','installed','Trunk'),
('DI-BAED0023-01',1,108.50,'SPE2WMY887O932788','Dontechi','','received','Door beam and panel'),
('DI-BAED0025-01',1,33.30,'6WRD8C6784B120048','Dontechi','','installed','Inner door handle'),
('DI-BAED0027-02',1,37.41,'P54475O4N8K403608','Dontechi','','installed','Door seal'),
('DI-BAED0028-01',1,19.31,'GHEDZEHRLGJ237205','Dontechi','','installed','Door watershield'),
('DI-BAED0029-02',1,56.98,'LWA5MXOU4MD327938','Dontechi','','installed','Hinge'),
('DI-BAED0029-03',4,1.24,'8VGJ74SC8UK076966','Dontechi','','installed','Hinge'),
('DI-BAEW0034-01',3,54.78,'6WRD8C6784B120048','Dontechi','','installed','Sunroof'),
('DI-BAEW0035-01',1,85.05,'IO8AOWYKMLD518556','Dontechi','','installed','Sunroof motor'),
('DI-BAEW0035-03',1,74.88,'E5W8EPPWZS0896119','Dontechi','','installed','Sunroof motor'),
('DI-EAECS0049-01',1,6.03,'6WRD8C6784B120048','Dontechi','','installed','Alternator bearing'),
('DI-EAECS0051-01',1,109.88,'Q3TT4GKZDHK659352','Dontechi','','installed','Alternator fan'),
('DI-EAECS0052-02',1,4.23,'PEB0OLCPG6W994144','Dontechi','','installed','Other alternator parts'),
('DI-EAECS0052-02',4,25.31,'YIRV4C5U8MN581204','Dontechi','','installed','Other alternator parts'),
('DI-EAEESS0055-02',1,21.55,'YA0EN8KRBAN266216','Dontechi','','installed','Battery box'),
('DI-EAEESS0057-01',1,11.40,'SPE2WMY887O932788','Dontechi','','installed','Battery cable'),
('DI-EAEESS0059-03',1,30.40,'WGVK4P1UIPJ916959','Dontechi','','installed','Battery plate'),
('DI-EAEESS0060-02',2,17.56,'LWA5MXOU4MD327938','Dontechi','','installed','Battery tray'),
('DI-EAEGAM0067-03',1,5.76,'WGVK4P1UIPJ916959','Dontechi','','ordered','Odometer'),
('DI-EAEGAM0067-05',2,116.22,'M3VW8YIQKWT779745','Dontechi','','installed','Odometer'),
('DI-EAEGAM0071-04',1,31.00,'GEW8SXH3TWS985107','Dontechi','','installed','Tire pressure gauge'),
('DI-EAEGAM0072-02',1,8.17,'YA0EN8KRBAN266216','Dontechi','','received','Vacuum gauge'),
('DI-EAEGAM0072-03',1,44.31,'6AZQDNCM3G6215989','Dontechi','','installed','Vacuum gauge'),
('DI-EAEGAM0073-02',1,15.05,'O1C66KL1VK4840531','Dontechi','','installed','Voltmeter'),
('DI-EAEIS0075-02',1,23.10,'P54475O4N8K403608','Dontechi','','installed','Coil wire'),
('DI-EAEIS0076-01',1,86.78,'SPE2WMY887O932788','Dontechi','','received','Distributor'),
('DI-EAELASS0089-01',1,72.42,'IO8AOWYKMLD518556','Dontechi','','installed','License plate lamp'),
('DI-EAELASS0090-02',1,33.09,'8FDAK0CPTWA122888','Dontechi','','ordered','Side lighting'),
('DI-EAEM0137-03',5,76.91,'BV7ZLIZN0R2917777','Dontechi','','installed','Door contact'),
('DI-EAEM0137-05',1,92.45,'W17V1HTH5IW129737','Dontechi','','installed','Door contact'),
('DI-EAEM0139-02',1,63.63,'4HVC60L66KI459720','Dontechi','','installed','Engine control unit'),
('DI-EAEM0145-02',3,34.11,'PEB0OLCPG6W994144','Dontechi','','installed','Remote lock'),
('DI-EAEM0149-01',1,64.36,'1A8CMLRTUGR146952','Dontechi','','received','Transmission computer'),
('DI-EAES0093-02',1,68.43,'YIRV4C5U8MN581204','Dontechi','','installed','Airbag sensor'),
('DI-EAES0094-02',1,127.92,'O1C66KL1VK4840531','Dontechi','','installed','Anti-pinch sensor'),
('DI-EAES0095-01',1,11.38,'IQ73NEIBJNB403342','Dontechi','','installed','Camshaft position sensor'),
('DI-EAES0095-02',1,42.72,'1C05IGNBBB6823554','Dontechi','','installed','Camshaft position sensor'),
('DI-EAES0097-03',1,18.25,'8VGJ74SC8UK076966','Dontechi','','installed','Engine sensor'),
('DI-EAES0099-01',1,36.88,'IO8AOWYKMLD518556','Dontechi','','installed','Knock sensor'),
('DI-EAES0100-03',1,133.01,'E5W8EPPWZS0896119','Dontechi','','installed','Light sensor'),
('DI-EAES0104-02',1,32.39,'MRHT53HXAKW856444','Dontechi','','installed','Pressure sensor'),
('DI-EAES0104-05',2,60.09,'W17V1HTH5IW129737','Dontechi','','ordered','Pressure sensor'),
('DI-EAES0105-01',1,32.14,'XJMTKD21FUV756318','Dontechi','','ordered','Rain sensor'),
('DI-EAES0110-02',4,93.25,'WWMN8RWHPDM674733','Dontechi','','installed','TDC sensor'),
('DI-EAES0114-01',1,113.59,'Z8KJQAZ0L2C379316','Dontechi','','installed','ABS sensor'),
('DI-EAES0124-02',1,119.03,'5DAWXIM4EAK735462','Dontechi','','installed','Switch cover'),
('DI-EAES0127-01',1,11.01,'6WRD8C6784B120048','Dontechi','','installed','Frame Switch'),
('DI-EAES0127-02',1,79.87,'4HVC60L66KI459720','Dontechi','','installed','Frame Switch'),
('DI-EAESS0115-01',1,54.61,'2N45QQ7SMY3757149','Dontechi','','installed','Starter'),
('DI-EAESS0116-02',3,67.55,'Z1QCG3DRQAX515930','Dontechi','','installed','Starter drive'),
('DI-ICS0153-01',2,21.74,'1A8CMLRTUGR146952','Dontechi','','received','Armrest'),
('DI-ICS0153-02',1,21.58,'4HVC60L66KI459720','Dontechi','','installed','Armrest'),
('DI-ICS0159-01',2,28.89,'V73RJYYHEIT850422','Dontechi','','received','Seat Belt'),
('DI-ICS0159-02',3,35.65,'YIRV4C5U8MN581204','Dontechi','','installed','Seat Belt'),
('DI-ICS0159-05',1,87.80,'W17V1HTH5IW129737','Dontechi','','ordered','Seat Belt'),
('DI-IFCAP0151-02',1,122.56,'PKFGEZTKARS310898','Dontechi','','installed','Carpet and other floor material'),
('DI-PACBS0163-01',1,107.35,'V73RJYYHEIT850422','Dontechi','','installed','Anti-lock braking system'),
('DI-PACBS0163-02',1,16.05,'M3VW8YIQKWT779745','Dontechi','','installed','Anti-lock braking system'),
('DI-PACBS0170-01',3,13.64,'V73RJYYHEIT850422','Dontechi','','ordered','Brake cooling duct'),
('DI-PACBS0172-01',1,58.90,'SPE2WMY887O932788','Dontechi','','installed','Brake drum'),
('DI-PACBS0172-03',1,99.58,'BV7ZLIZN0R2917777','Dontechi','','installed','Brake drum'),
('DI-PACBS0173-02',1,28.55,'4HVC60L66KI459720','Dontechi','','installed','Brake line'),
('DI-PACBS0175-02',3,47.15,'PEB0OLCPG6W994144','Dontechi','','installed','Brake pedal'),
('DI-PACBS0178-02',1,26.47,'8FDAK0CPTWA122888','Dontechi','','ordered','Brake roll'),
('DI-PACBS0179-01',1,41.49,'IO8AOWYKMLD518556','Dontechi','','installed','Brake rotor'),
('DI-PACBS0179-02',1,150.13,'O1C66KL1VK4840531','Dontechi','','installed','Brake rotor'),
('DI-PACBS0179-02',1,37.60,'PEB0OLCPG6W994144','Dontechi','','installed','Brake rotor'),
('DI-PACBS0185-01',1,15.69,'Q3TT4GKZDHK659352','Dontechi','','installed','Calibrated friction brake'),
('DI-PACBS0191-03',1,9.18,'6AZQDNCM3G6215989','Dontechi','','ordered','Brake booster hose'),
('DI-PACBS0197-02',2,138.03,'5DAWXIM4EAK735462','Dontechi','','installed','Metering valve'),
('DN-BAE0000-02',1,4.94,'8CR4YKPMHVR077313','Doncon','','installed','Bonnet/hood'),
('DN-BAE0001-04',1,15.74,'5IZQ0A8JNL8536828','Doncon','','received','Bumper'),
('DN-BAE0003-02',1,72.93,'I2Y84J2JYUI249817','Doncon','','received','Exposed bumper'),
('DN-BAE0005-02',1,50.91,'03KAPEOTGE8482192','Doncon','','received','Decklid'),
('DN-BAE0006-04',1,48.59,'EWUO21O8D0P959813','Doncon','','received','Fascia rear and support'),
('DN-BAE0007-01',1,74.57,'ZBZRLDKTF22899385','Doncon','','installed','Fender Musical Instruments Corporation'),
('DN-BAE0007-02',1,35.97,'6AZQDNCM3G6215989','Doncon','','installed','Fender Musical Instruments Corporation'),
('DN-BAE0012-02',1,22.68,'I2Y84J2JYUI249817','Doncon','','ordered','Quarter panel'),
('DN-BAE0012-03',4,22.31,'30YUJXKGY7I314746','Doncon','','ordered','Quarter panel'),
('DN-BAE0019-01',1,73.45,'Z0405USEZKH796737','Doncon','','installed','Trim package'),
('DN-BAE0022-02',1,27.67,'05PN35GUCGU088819','Doncon','','installed','Welded assembly'),
('DN-BAED0025-04',4,31.95,'5IZQ0A8JNL8536828','Doncon','','ordered','Inner door handle'),
('DN-BAED0030-02',3,27.66,'4TJ5T18OMFN710800','Doncon','','installed','Door and bonnet'),
('DN-BAED0030-02',1,33.29,'VLYZ0TBEDGM584853','Doncon','','installed','Door and bonnet'),
('DN-BAED0030-03',1,12.72,'30YUJXKGY7I314746','Doncon','','ordered','Door and bonnet'),
('DN-BAED0031-02',5,23.89,'4TJ5T18OMFN710800','Doncon','','installed','Lock'),
('DN-BAEW0040-01',1,8.06,'GEW8SXH3TWS985107','Doncon','','installed','Window seal'),
('DN-EAEAD0041-02',1,0.90,'N64LL1WC63N759701','Doncon','','installed','Antenna assembly'),
('DN-EAEAD0044-02',2,44.46,'6AZQDNCM3G6215989','Doncon','','received','Other devices'),
('DN-EAEAD0044-05',1,28.32,'Z0405USEZKH796737','Doncon','','installed','Other devices'),
('DN-EAEAD0045-04',1,37.35,'05PN35GUCGU088819','Doncon','','installed','Speaker'),
('DN-EAECS0049-01',1,37.22,'ZBZRLDKTF22899385','Doncon','','installed','Alternator bearing'),
('DN-EAECS0051-02',1,31.65,'VLYZ0TBEDGM584853','Doncon','','installed','Alternator fan'),
('DN-EAEESS0054-02',1,11.02,'05PN35GUCGU088819','Doncon','','installed','Performance battery'),
('DN-EAEESS0054-02',1,53.08,'F253TPAMQK3083569','Doncon','','installed','Performance battery'),
('DN-EAEESS0055-04',1,20.24,'5IZQ0A8JNL8536828','Doncon','','received','Battery box'),
('DN-EAEESS0058-02',1,26.57,'VLYZ0TBEDGM584853','Doncon','','installed','Battery control system'),
('DN-EAEESS0060-03',1,41.47,'Q6C80HSWMFK634460','Doncon','','installed','Battery tray'),
('DN-EAEESS0061-04',1,17.72,'5IZQ0A8JNL8536828','Doncon','','ordered','Voltage regulator'),
('DN-EAEGAM0065-02',1,42.11,'2N45QQ7SMY3757149','Doncon','','installed','Fuel gauge'),
('DN-EAEGAM0065-05',1,71.73,'XPBUWRX56F6412345','Doncon','','received','Fuel gauge'),
('DN-EAEGAM0066-01',1,52.41,'SC0ZRWACOEM768702','Doncon','','installed','Hydrometer'),
('DN-EAEGAM0068-01',1,48.30,'Z0405USEZKH796737','Doncon','','installed','Speedometer'),
('DN-EAEGAM0068-02',1,21.18,'I2Y84J2JYUI249817','Doncon','','ordered','Speedometer'),
('DN-EAEGAM0068-02',1,76.99,'UDOHJKQNZRU355125','Doncon','','installed','Speedometer'),
('DN-EAEGAM0069-02',1,37.13,'N64LL1WC63N759701','Doncon','','installed','Tachometer'),
('DN-EAEGAM0072-02',2,64.56,'2N45QQ7SMY3757149','Doncon','','installed','Vacuum gauge'),
('DN-EAEIS0077-03',1,55.25,'30YUJXKGY7I314746','Doncon','','ordered','Electronic timing controller'),
('DN-EAEIS0078-04',4,79.19,'EX0DFWC3FLW639681','Doncon','','installed','Ignition box'),
('DN-EAEIS0078-05',1,71.51,'Z0405USEZKH796737','Doncon','','installed','Ignition box'),
('DN-EAEIS0079-01',1,94.91,'EDH6BDC74XY589172','Doncon','','installed','Ignition Coil'),
('DN-EAEIS0081-03',1,1.25,'Q6C80HSWMFK634460','Doncon','','installed','Ignition controller'),
('DN-EAELASS0087-01',1,53.52,'KBYS182F2ID559258','Doncon','','installed','Headlight motor'),
('DN-EAELASS0087-01',1,8.53,'VPER1TKLOPC634179','Doncon','','installed','Headlight motor'),
('DN-EAELASS0088-01',1,15.51,'SAN8CKZV8O6386790','Doncon','','installed','Interior light and lamp'),
('DN-EAELASS0088-02',1,2.49,'03KAPEOTGE8482192','Doncon','','ordered','Interior light and lamp'),
('DN-EAELASS0088-02',1,48.67,'8CR4YKPMHVR077313','Doncon','','installed','Interior light and lamp'),
('DN-EAELASS0089-02',1,65.87,'4TJ5T18OMFN710800','Doncon','','installed','License plate lamp'),
('DN-EAELASS0092-04',1,20.94,'05PN35GUCGU088819','Doncon','','installed','Tail light cover'),
('DN-EAEM0132-01',1,43.57,'323F5QUAPKX190724','Doncon','','installed','Air bag control module'),
('DN-EAEM0132-02',1,20.43,'03KAPEOTGE8482192','Doncon','','ordered','Air bag control module'),
('DN-EAEM0132-02',1,11.27,'UDOHJKQNZRU355125','Doncon','','installed','Air bag control module'),
('DN-EAEM0135-01',4,61.98,'ZBZRLDKTF22899385','Doncon','','installed','Chassis control computer'),
('DN-EAEM0135-03',1,42.41,'1V61QHRD20E210923','Doncon','','received','Chassis control computer'),
('DN-EAEM0136-01',1,25.89,'VPER1TKLOPC634179','Doncon','','installed','Cruise control computer'),
('DN-EAEM0136-04',1,57.96,'EWUO21O8D0P959813','Doncon','','ordered','Cruise control computer'),
('DN-EAEM0140-02',1,74.06,'4TJ5T18OMFN710800','Doncon','','installed','Fuse'),
('DN-EAEM0142-01',1,9.60,'323F5QUAPKX190724','Doncon','','installed','Performance chip'),
('DN-EAEM0142-05',1,29.68,'XPBUWRX56F6412345','Doncon','','received','Performance chip'),
('DN-EAEM0145-01',1,91.58,'F032TW1LYVD881430','Doncon','','installed','Remote lock'),
('DN-EAEM0146-01',1,67.23,'GEW8SXH3TWS985107','Doncon','','installed','Shift improver'),
('DN-EAEM0147-01',1,17.71,'SAN8CKZV8O6386790','Doncon','','installed','Speed controller'),
('DN-EAEM0147-02',1,10.95,'UDOHJKQNZRU355125','Doncon','','installed','Speed controller'),
('DN-EAEM0150-03',1,3.64,'Q6C80HSWMFK634460','Doncon','','installed','Wiring connector'),
('DN-EAES0093-05',1,13.42,'VWWOX3PM6QD757820','Doncon','','installed','Airbag sensor'),
('DN-EAES0098-01',1,67.67,'KBYS182F2ID559258','Doncon','','installed','Fuel level sensor'),
('DN-EAES0099-05',1,35.52,'Z0405USEZKH796737','Doncon','','installed','Knock sensor'),
('DN-EAES0100-01',1,25.23,'SAN8CKZV8O6386790','Doncon','','installed','Light sensor'),
('DN-EAES0100-01',1,25.87,'VPER1TKLOPC634179','Doncon','','installed','Light sensor'),
('DN-EAES0100-04',1,27.61,'05PN35GUCGU088819','Doncon','','installed','Light sensor'),
('DN-EAES0106-01',1,55.07,'SC0ZRWACOEM768702','Doncon','','installed','Rotational sensor'),
('DN-EAES0108-03',1,56.24,'1V61QHRD20E210923','Doncon','','installed','Transmission input and output sensor'),
('DN-EAES0109-02',4,27.25,'VLYZ0TBEDGM584853','Doncon','','installed','ABS brack sensor'),
('DN-EAES0110-01',1,75.71,'JA36JFM31V4526050','Doncon','','received','TDC sensor'),
('DN-EAES0110-05',1,14.44,'VWWOX3PM6QD757820','Doncon','','installed','TDC sensor'),
('DN-EAES0113-05',1,4.18,'XPBUWRX56F6412345','Doncon','','installed','Oil level sensor'),
('DN-EAES0121-02',1,17.50,'N64LL1WC63N759701','Doncon','','installed','Ignition Switch'),
('DN-EAES0122-01',4,31.37,'SSSGFBFNIOE995675','Doncon','','installed','Power window switch'),
('DN-EAES0122-02',1,27.21,'8CR4YKPMHVR077313','Doncon','','installed','Power window switch'),
('DN-EAES0124-01',1,37.07,'VPER1TKLOPC634179','Doncon','','installed','Switch cover'),
('DN-EAES0124-02',1,27.82,'QVSOV4QTXAE520972','Doncon','','ordered','Switch cover'),
('DN-EAES0124-04',1,6.90,'EX0DFWC3FLW639681','Doncon','','installed','Switch cover'),
('DN-EAESS0119-02',1,38.15,'QVSOV4QTXAE520972','Doncon','','ordered','Spark Plug'),
('DN-EAESS0119-05',1,13.09,'XPBUWRX56F6412345','Doncon','','ordered','Spark Plug'),
('DN-EAEWH0131-01',1,7.45,'SC0ZRWACOEM768702','Doncon','','installed','Underfloor harness'),
('DN-ICS0156-02',1,15.41,'6AZQDNCM3G6215989','Doncon','','installed','Children and baby car seat'),
('DN-ICS0159-02',1,38.43,'6AZQDNCM3G6215989','Doncon','','installed','Seat Belt'),
('DN-ICS0162-04',1,76.92,'EX0DFWC3FLW639681','Doncon','','installed','Seat track'),
('DN-IFCAP0151-01',1,25.04,'SSSGFBFNIOE995675','Doncon','','installed','Carpet and other floor material'),
('DN-PACBS0165-02',5,43.97,'2N45QQ7SMY3757149','Doncon','','installed','Adjusting mechanism'),
('DN-PACBS0168-04',1,24.49,'SMZSGMQWSKI621717','Doncon','','installed','Brake backing plate'),
('DN-PACBS0169-05',3,16.90,'VWWOX3PM6QD757820','Doncon','','installed','Brake backing pad'),
('DN-PACBS0172-01',1,24.25,'BV7ZLIZN0R2917777','Doncon','','ordered','Brake drum'),
('DN-PACBS0174-02',1,34.08,'05PN35GUCGU088819','Doncon','','installed','Brake pad'),
('DN-PACBS0174-05',4,80.21,'Z0405USEZKH796737','Doncon','','installed','Brake pad'),
('DN-PACBS0177-04',1,63.55,'EX0DFWC3FLW639681','Doncon','','installed','Brake pump'),
('DN-PACBS0179-03',1,28.27,'Q6C80HSWMFK634460','Doncon','','installed','Brake rotor'),
('DN-PACBS0181-01',1,57.35,'BV7ZLIZN0R2917777','Doncon','','ordered','Brake shoe'),
('DN-PACBS0183-01',3,76.67,'ZBZRLDKTF22899385','Doncon','','installed','Shoe web'),
('DN-PACBS0183-04',1,35.43,'EWUO21O8D0P959813','Doncon','','received','Shoe web'),
('DN-PACBS0187-02',2,33.39,'03KAPEOTGE8482192','Doncon','','installed','Combination valve'),
('DN-PACBS0190-02',1,8.71,'F253TPAMQK3083569','Doncon','','installed','Hose'),
('DN-PACBS0190-03',1,90.38,'2DHOH4P4672123749','Doncon','','installed','Hose'),
('DN-PACBS0192-02',1,40.81,'UDOHJKQNZRU355125','Doncon','','installed','Air brake nylon hose'),
('DN-PACBS0193-01',1,91.24,'F032TW1LYVD881430','Doncon','','installed','Brake duct hose'),
('DN-PACBS0194-01',5,58.70,'GEW8SXH3TWS985107','Doncon','','installed','Hydraulic booster unit'),
('DN-PACBS0195-02',1,100.25,'4QL2U7A4H4J019100','Doncon','','installed','Load-sensing valve'),
('DN-PACBS0196-04',1,37.83,'05PN35GUCGU088819','Doncon','','installed','Master Cylinder'),
('DN-PACBS0198-01',4,18.94,'SAN8CKZV8O6386790','Doncon','','installed','Other braking system parts'),
('DN-PACBS0198-01',1,0.21,'SC0ZRWACOEM768702','Doncon','','installed','Other braking system parts'),
('DN-PACBS0198-02',1,41.54,'QVSOV4QTXAE520972','Doncon','','ordered','Other braking system parts'),
('FE-10141-02',1,40.05,'V73RJYYHEIT850422','Faxquote','','ordered','Fuse Box: The Alternative Tribute'),
('FE-BAE0001-02',1,25.85,'72OI8SLM4HN113041','Faxquote','','installed','Bumper'),
('FE-BAE0008-02',1,85.73,'8U653RXUMZY984495','Faxquote','','received','Front clip'),
('FE-BAE0011-01',1,19.79,'5DAWXIM4EAK735462','Faxquote','','installed','Pillar and hard trim'),
('FE-BAE0014-03',1,57.47,'KZQ5C1NSWAJ790169','Faxquote','','installed','Rocker panel'),
('FE-BAE0017-02',1,27.34,'U8CPVV20LCB872591','Faxquote','','installed','Front spoiler'),
('FE-BAED0023-02',1,9.56,'8U653RXUMZY984495','Faxquote','','installed','Door beam and panel'),
('FE-BAED0027-01',1,1.61,'F42NYNK4BK3657449','Faxquote','','installed','Door seal'),
('FE-BAED0028-01',1,15.26,'RRRZH6PBRYY000587','Faxquote','','received','Door watershield'),
('FE-BAED0028-01',1,18.98,'V08JG7APNII434369','Faxquote','','installed','Door watershield'),
('FE-BAED0031-01',1,84.37,'8VGJ74SC8UK076966','Faxquote','','installed','Lock'),
('FE-BAED0032-03',1,72.01,'8U653RXUMZY984495','Faxquote','','received','Centre Locking'),
('FE-BAEW0037-02',3,9.40,'D244CUCA1UX127908','Faxquote','','installed','Window regulator'),
('FE-BAEW0038-03',1,84.27,'2N45QQ7SMY3757149','Faxquote','','installed','Windshield'),
('FE-BAEW0039-02',1,2.69,'V73RJYYHEIT850422','Faxquote','','installed','Windshield washer motor'),
('FE-EAEAD0042-01',1,3.74,'8FDAK0CPTWA122888','Faxquote','','ordered','Antenna cable'),
('FE-EAEAD0043-01',1,25.00,'V08JG7APNII434369','Faxquote','','installed','Radio and media player'),
('FE-EAEAD0043-03',4,61.37,'U3SEY7BL74U428566','Faxquote','','installed','Radio and media player'),
('FE-EAEAD0044-03',1,27.49,'05PN35GUCGU088819','Faxquote','','installed','Other devices'),
('FE-EAEAD0045-01',1,10.05,'72SCGHC1RB4779672','Faxquote','','ordered','Speaker'),
('FE-EAEAD0045-01',1,35.01,'8FDAK0CPTWA122888','Faxquote','','ordered','Speaker'),
('FE-EAEAD0046-03',1,42.93,'05PN35GUCGU088819','Faxquote','','installed','Tuner'),
('FE-EAEAD0047-01',2,16.50,'F42NYNK4BK3657449','Faxquote','','installed','Subwoofer'),
('FE-EAECS0048-01',1,15.98,'SL5LRZAJFUI810871','Faxquote','','installed','Alternator'),
('FE-EAECS0050-01',1,161.92,'YFV4PPW4SW8405660','Faxquote','','installed','Alternator bracket'),
('FE-EAECS0052-01',1,10.19,'SL5LRZAJFUI810871','Faxquote','','ordered','Other alternator parts'),
('FE-EAECS0052-02',1,128.93,'V73RJYYHEIT850422','Faxquote','','ordered','Other alternator parts'),
('FE-EAEESS0053-01',1,23.28,'EZ144Z2QAJC644839','Faxquote','','installed','Battery'),
('FE-EAEESS0054-01',1,36.16,'RXLO3PC8EG8307071','Faxquote','','installed','Performance battery'),
('FE-EAEESS0054-03',1,51.69,'U3SEY7BL74U428566','Faxquote','','installed','Performance battery'),
('FE-EAEESS0055-01',2,29.09,'RXLO3PC8EG8307071','Faxquote','','installed','Battery box'),
('FE-EAEESS0059-02',2,138.45,'WKNIUEPLNDU378894','Faxquote','','installed','Battery plate'),
('FE-EAEESS0060-01',1,72.72,'WWMN8RWHPDM674733','Faxquote','','installed','Battery tray'),
('FE-EAEESS0061-03',1,33.78,'EX0DFWC3FLW639681','Faxquote','','installed','Voltage regulator'),
('FE-EAEGAM0063-02',1,5.68,'NM3BN4RJS1M492634','Faxquote','','ordered','Clinometer'),
('FE-EAEGAM0063-03',1,7.49,'EX0DFWC3FLW639681','Faxquote','','installed','Clinometer'),
('FE-EAEGAM0066-02',1,18.83,'72OI8SLM4HN113041','Faxquote','','received','Hydrometer'),
('FE-EAEGAM0066-03',1,62.10,'EX0DFWC3FLW639681','Faxquote','','installed','Hydrometer'),
('FE-EAEGAM0067-01',1,24.08,'SL5LRZAJFUI810871','Faxquote','','installed','Odometer'),
('FE-EAEGAM0067-02',1,5.39,'A58PSDYJWYD029917','Faxquote','','ordered','Odometer'),
('FE-EAEGAM0067-03',1,28.66,'EX0DFWC3FLW639681','Faxquote','','installed','Odometer'),
('FE-EAEGAM0069-01',1,69.60,'4QL2U7A4H4J019100','Faxquote','','received','Tachometer'),
('FE-EAEGAM0070-01',1,73.28,'4QL2U7A4H4J019100','Faxquote','','ordered','Temperature gauge'),
('FE-EAEGAM0072-05',1,47.45,'PI5K0FV5WKD862880','Faxquote','','installed','Vacuum gauge'),
('FE-EAEIS0080-04',1,51.17,'BV7ZLIZN0R2917777','Faxquote','','received','Ignition coil parts'),
('FE-EAELASS0091-02',1,31.20,'A58PSDYJWYD029917','Faxquote','','installed','Tail light'),
('FE-EAELASS0092-04',2,38.26,'SLY1Q4WQXLP675951','Faxquote','','installed','Tail light cover'),
('FE-EAEM0134-01',2,8.21,'V08JG7APNII434369','Faxquote','','installed','Central locking system'),
('FE-EAEM0137-01',2,35.68,'RXLO3PC8EG8307071','Faxquote','','installed','Door contact'),
('FE-EAEM0144-05',1,80.35,'PI5K0FV5WKD862880','Faxquote','','installed','Relay connector'),
('FE-EAEM0146-01',1,93.34,'NKY5WJPCYVC675161','Faxquote','','received','Shift improver'),
('FE-EAEM0147-01',1,11.68,'72SCGHC1RB4779672','Faxquote','','received','Speed controller'),
('FE-EAEM0150-01',1,83.58,'HIEWYKOMDAK597903','Faxquote','','installed','Wiring connector'),
('FE-EAES0094-01',1,70.60,'FXR24KBAHFZ139993','Faxquote','','installed','Anti-pinch sensor'),
('FE-EAES0096-02',1,4.44,'A58PSDYJWYD029917','Faxquote','','received','Crankshaft position sensor'),
('FE-EAES0097-02',1,79.60,'V73RJYYHEIT850422','Faxquote','','installed','Engine sensor'),
('FE-EAES0098-01',1,38.24,'FA7LJ664E04088299','Faxquote','','installed','Fuel level sensor'),
('FE-EAES0100-01',1,216.06,'5DAWXIM4EAK735462','Faxquote','','installed','Light sensor'),
('FE-EAES0100-01',1,52.73,'8VGJ74SC8UK076966','Faxquote','','installed','Light sensor'),
('FE-EAES0101-02',1,25.74,'U8CPVV20LCB872591','Faxquote','','received','Manifold absolute pressure sensor'),
('FE-EAES0102-03',1,107.32,'5DAWXIM4EAK735462','Faxquote','','installed','Oxygen sensor'),
('FE-EAES0104-02',1,30.50,'72OI8SLM4HN113041','Faxquote','','installed','Pressure sensor'),
('FE-EAES0105-04',1,120.52,'2DHOH4P4672123749','Faxquote','','installed','Rain sensor'),
('FE-EAES0108-03',1,38.81,'8U653RXUMZY984495','Faxquote','','installed','Transmission input and output sensor'),
('FE-EAES0112-01',1,149.57,'5DAWXIM4EAK735462','Faxquote','','installed','IMA sensor'),
('FE-EAES0114-02',3,24.95,'72OI8SLM4HN113041','Faxquote','','ordered','ABS sensor'),
('FE-EAES0121-01',1,15.26,'72SCGHC1RB4779672','Faxquote','','received','Ignition Switch'),
('FE-EAES0121-01',1,18.58,'RXLO3PC8EG8307071','Faxquote','','installed','Ignition Switch'),
('FE-EAESS0116-01',1,18.54,'8FDAK0CPTWA122888','Faxquote','','received','Starter drive'),
('FE-EAEWH0129-02',1,7.17,'WKNIUEPLNDU378894','Faxquote','','installed','Engine compartment harness'),
('FE-ICS0155-02',4,25.13,'D244CUCA1UX127908','Faxquote','','installed','Bucket Seat'),
('FE-ICS0157-01',1,157.27,'5DAWXIM4EAK735462','Faxquote','','installed','Fastener'),
('FE-ICS0160-01',1,75.84,'8VGJ74SC8UK076966','Faxquote','','installed','Seat bracket'),
('FE-IFCAP0151-02',1,0.85,'D244CUCA1UX127908','Faxquote','','installed','Carpet and other floor material'),
('FE-PACBS0166-01',1,2.27,'V08JG7APNII434369','Faxquote','','installed','Anchor'),
('FE-PACBS0167-03',4,55.34,'KZQ5C1NSWAJ790169','Faxquote','','installed','Bleed nipple'),
('FE-PACBS0167-04',1,81.09,'2DHOH4P4672123749','Faxquote','','installed','Bleed nipple'),
('FE-PACBS0168-01',2,33.64,'FA7LJ664E04088299','Faxquote','','received','Brake backing plate'),
('FE-PACBS0168-05',1,109.16,'PI5K0FV5WKD862880','Faxquote','','installed','Brake backing plate'),
('FE-PACBS0171-01',1,28.26,'FXR24KBAHFZ139993','Faxquote','','installed','Brake disc'),
('FE-PACBS0171-01',1,104.70,'NKY5WJPCYVC675161','Faxquote','','ordered','Brake disc'),
('FE-PACBS0173-03',1,51.40,'KZQ5C1NSWAJ790169','Faxquote','','installed','Brake line'),
('FE-PACBS0180-01',1,39.81,'FA7LJ664E04088299','Faxquote','','received','Brake servo'),
('FE-PACBS0185-05',1,9.54,'PI5K0FV5WKD862880','Faxquote','','installed','Calibrated friction brake'),
('FE-PACBS0187-01',1,3.07,'SL5LRZAJFUI810871','Faxquote','','received','Combination valve'),
('FE-PACBS0188-03',1,147.61,'5DAWXIM4EAK735462','Faxquote','','installed','Dual circuit brake system'),
('FE-PACBS0189-01',1,26.28,'F42NYNK4BK3657449','Faxquote','','installed','Hold-down springs'),
('FE-PACBS0192-01',1,2.13,'72SCGHC1RB4779672','Faxquote','','ordered','Air brake nylon hose'),
('FE-PACBS0198-01',1,96.62,'8VGJ74SC8UK076966','Faxquote','','installed','Other braking system parts'),
('GS-10141-02',1,68.20,'JL4O86VLF1F081674','Green-Plus','','installed','Fuse Box: The Alternative Tribute'),
('GS-10141-05',1,29.52,'L712UQJXM4L524142','Green-Plus','','installed','Fuse Box: The Alternative Tribute'),
('GS-BAE0000-03',1,13.62,'PI5K0FV5WKD862880','Green-Plus','','installed','Bonnet/hood'),
('GS-BAE0000-06',1,33.29,'MRHT53HXAKW856444','Green-Plus','','installed','Bonnet/hood'),
('GS-BAE0001-03',1,67.46,'O1C66KL1VK4840531','Green-Plus','','installed','Bumper'),
('GS-BAE0002-04',1,50.72,'A1GTY6T551Q455502','Green-Plus','','installed','Unexposed bumper'),
('GS-BAE0005-01',1,20.18,'BQ1P8TA2OBE090669','Green-Plus','','installed','Decklid'),
('GS-BAE0012-01',1,18.70,'5WKWALJ4EQU001163','Green-Plus','','installed','Quarter panel'),
('GS-BAE0013-02',1,10.50,'2JUBCDLLXSB731848','Green-Plus','','installed','Radiator core support'),
('GS-BAE0021-04',1,45.86,'6AZQDNCM3G6215989','Green-Plus','','received','Valance'),
('GS-BAED0025-02',1,72.78,'1A8CMLRTUGR146952','Green-Plus','','ordered','Inner door handle'),
('GS-BAED0025-03',1,39.06,'GHEDZEHRLGJ237205','Green-Plus','','installed','Inner door handle'),
('GS-BAED0027-05',1,45.22,'EWUO21O8D0P959813','Green-Plus','','ordered','Door seal'),
('GS-BAED0029-01',1,2.12,'BQ1P8TA2OBE090669','Green-Plus','','ordered','Hinge'),
('GS-BAED0031-02',4,98.47,'1A8CMLRTUGR146952','Green-Plus','','received','Lock'),
('GS-BAEW0033-03',1,107.30,'NKY5WJPCYVC675161','Green-Plus','','ordered','Glass'),
('GS-BAEW0035-01',1,60.67,'GNJQGN3RWIT431179','Green-Plus','','received','Sunroof motor'),
('GS-BAEW0035-03',4,25.53,'4RJT1NOLXUG037441','Green-Plus','','installed','Sunroof motor'),
('GS-BAEW0035-04',1,5.28,'A1GTY6T551Q455502','Green-Plus','','installed','Sunroof motor'),
('GS-BAEW0036-02',5,56.62,'SPE2WMY887O932788','Green-Plus','','ordered','Window motor'),
('GS-BAEW0037-02',1,47.85,'2JUBCDLLXSB731848','Green-Plus','','installed','Window regulator'),
('GS-BAEW0037-02',1,33.21,'4RJT1NOLXUG037441','Green-Plus','','installed','Window regulator'),
('GS-EAEAD0042-01',2,21.01,'GNJQGN3RWIT431179','Green-Plus','','installed','Antenna cable'),
('GS-EAEAD0043-02',1,44.19,'1A8CMLRTUGR146952','Green-Plus','','received','Radio and media player'),
('GS-EAEAD0043-03',1,21.49,'SMZSGMQWSKI621717','Green-Plus','','installed','Radio and media player'),
('GS-EAEAD0044-01',1,109.89,'PKFGEZTKARS310898','Green-Plus','','installed','Other devices'),
('GS-EAEAD0044-05',2,27.76,'EWUO21O8D0P959813','Green-Plus','','received','Other devices'),
('GS-EAECS0048-01',2,4.61,'WGVK4P1UIPJ916959','Green-Plus','','ordered','Alternator'),
('GS-EAECS0048-03',1,10.43,'4RJT1NOLXUG037441','Green-Plus','','installed','Alternator'),
('GS-EAECS0048-03',1,11.60,'N64LL1WC63N759701','Green-Plus','','installed','Alternator'),
('GS-EAECS0048-04',1,31.32,'ME064DUO8S0025936','Green-Plus','','ordered','Alternator'),
('GS-EAEESS0053-01',1,35.50,'SLY1Q4WQXLP675951','Green-Plus','','installed','Battery'),
('GS-EAEESS0054-02',1,87.39,'OETQ6SV7QKM285952','Green-Plus','','installed','Performance battery'),
('GS-EAEESS0058-01',1,49.51,'FPJBMT3OOG8061158','Green-Plus','','installed','Battery control system'),
('GS-EAEESS0058-06',1,32.96,'MRHT53HXAKW856444','Green-Plus','','installed','Battery control system'),
('GS-EAEESS0061-02',1,34.18,'XNUNZXGY3NC711419','Green-Plus','','installed','Voltage regulator'),
('GS-EAEGAM0064-01',4,24.95,'GNJQGN3RWIT431179','Green-Plus','','installed','Dynamometer'),
('GS-EAEGAM0064-01',1,13.22,'WGVK4P1UIPJ916959','Green-Plus','','installed','Dynamometer'),
('GS-EAEGAM0064-04',1,30.62,'6AZQDNCM3G6215989','Green-Plus','','ordered','Dynamometer'),
('GS-EAEGAM0065-03',1,41.43,'WWMN8RWHPDM674733','Green-Plus','','received','Fuel gauge'),
('GS-EAEGAM0066-01',1,5.67,'SLY1Q4WQXLP675951','Green-Plus','','installed','Hydrometer'),
('GS-EAEGAM0068-02',1,97.71,'OETQ6SV7QKM285952','Green-Plus','','installed','Speedometer'),
('GS-EAEGAM0069-03',1,77.59,'GHEDZEHRLGJ237205','Green-Plus','','installed','Tachometer'),
('GS-EAEGAM0071-04',1,26.68,'VJUYVX0SHHT606044','Green-Plus','','installed','Tire pressure gauge'),
('GS-EAEGAM0074-01',1,21.45,'FPJBMT3OOG8061158','Green-Plus','','installed','Water temperature meter'),
('GS-EAEGAM0074-02',1,59.98,'2JUBCDLLXSB731848','Green-Plus','','installed','Water temperature meter'),
('GS-EAEGAM0074-03',1,31.79,'PI5K0FV5WKD862880','Green-Plus','','installed','Water temperature meter'),
('GS-EAEIS0077-04',1,26.48,'VJUYVX0SHHT606044','Green-Plus','','installed','Electronic timing controller'),
('GS-EAEIS0080-05',1,10.87,'EWUO21O8D0P959813','Green-Plus','','installed','Ignition coil parts'),
('GS-EAEIS0082-03',1,87.41,'GHEDZEHRLGJ237205','Green-Plus','','installed','Magneto'),
('GS-EAEIS0082-04',1,55.42,'A1GTY6T551Q455502','Green-Plus','','installed','Magneto'),
('GS-EAELASS0084-01',1,11.45,'I2Y84J2JYUI249817','Green-Plus','','installed','Fog Light'),
('GS-EAELASS0086-06',3,8.92,'MRHT53HXAKW856444','Green-Plus','','installed','Headlight'),
('GS-EAELASS0090-04',1,36.22,'ME064DUO8S0025936','Green-Plus','','received','Side lighting'),
('GS-EAEM0134-01',1,43.86,'FXCJT6N4BUT928292','Green-Plus','','installed','Central locking system'),
('GS-EAEM0136-03',1,0.30,'N64LL1WC63N759701','Green-Plus','','installed','Cruise control computer'),
('GS-EAEM0136-04',1,0.10,'VJUYVX0SHHT606044','Green-Plus','','installed','Cruise control computer'),
('GS-EAEM0137-01',1,38.10,'FXCJT6N4BUT928292','Green-Plus','','installed','Door contact'),
('GS-EAEM0140-03',1,27.63,'SMZSGMQWSKI621717','Green-Plus','','installed','Fuse'),
('GS-EAEM0145-02',3,105.63,'SPE2WMY887O932788','Green-Plus','','received','Remote lock'),
('GS-EAEM0146-01',1,114.86,'EYTJ0RTAAHK130156','Green-Plus','','received','Shift improver'),
('GS-EAEM0149-01',4,73.83,'PKFGEZTKARS310898','Green-Plus','','installed','Transmission computer'),
('GS-EAEM0149-02',1,70.48,'2JUBCDLLXSB731848','Green-Plus','','installed','Transmission computer'),
('GS-EAES0093-01',1,157.10,'PKFGEZTKARS310898','Green-Plus','','installed','Airbag sensor'),
('GS-EAES0094-01',4,7.87,'5WKWALJ4EQU001163','Green-Plus','','installed','Anti-pinch sensor'),
('GS-EAES0094-03',1,31.09,'4RJT1NOLXUG037441','Green-Plus','','installed','Anti-pinch sensor'),
('GS-EAES0100-04',1,2.05,'VJUYVX0SHHT606044','Green-Plus','','installed','Light sensor'),
('GS-EAES0101-02',2,10.10,'4RJT1NOLXUG037441','Green-Plus','','installed','Manifold absolute pressure sensor'),
('GS-EAES0106-02',1,20.58,'RH3XN0D50EO772614','Green-Plus','','installed','Rotational sensor'),
('GS-EAES0106-03',1,14.61,'NKY5WJPCYVC675161','Green-Plus','','ordered','Rotational sensor'),
('GS-EAES0107-01',1,43.42,'WGVK4P1UIPJ916959','Green-Plus','','received','Temperature sensor'),
('GS-EAES0107-02',1,81.62,'SPE2WMY887O932788','Green-Plus','','ordered','Temperature sensor'),
('GS-EAES0110-02',1,15.97,'5WKWALJ4EQU001163','Green-Plus','','installed','TDC sensor'),
('GS-EAES0114-01',1,13.33,'FPJBMT3OOG8061158','Green-Plus','','installed','ABS sensor'),
('GS-EAES0120-03',1,5.82,'O1C66KL1VK4840531','Green-Plus','','installed','Door switch'),
('GS-EAES0120-05',1,32.19,'EWUO21O8D0P959813','Green-Plus','','installed','Door switch'),
('GS-EAES0122-03',4,90.06,'V73RJYYHEIT850422','Green-Plus','','received','Power window switch'),
('GS-EAESS0118-02',2,31.95,'RH3XN0D50EO772614','Green-Plus','','installed','Starter solenoid'),
('GS-EAEWH0128-03',1,4.24,'GHEDZEHRLGJ237205','Green-Plus','','installed','Air conditioning harness'),
('GS-EAEWH0130-01',1,13.87,'BQ1P8TA2OBE090669','Green-Plus','','ordered','Interior harness'),
('GS-ICS0159-02',1,170.06,'JL4O86VLF1F081674','Green-Plus','','installed','Seat Belt'),
('GS-ICS0161-01',1,6.92,'WGVK4P1UIPJ916959','Green-Plus','','ordered','Seat cover'),
('GS-ICS0162-02',1,18.17,'RH3XN0D50EO772614','Green-Plus','','installed','Seat track'),
('GS-ICS0162-03',1,40.68,'SMZSGMQWSKI621717','Green-Plus','','installed','Seat track'),
('GS-PACBS0164-01',1,51.75,'GNJQGN3RWIT431179','Green-Plus','','received','ABS steel pin'),
('GS-PACBS0164-03',1,62.57,'NKY5WJPCYVC675161','Green-Plus','','installed','ABS steel pin'),
('GS-PACBS0167-03',1,5.48,'N64LL1WC63N759701','Green-Plus','','installed','Bleed nipple'),
('GS-PACBS0170-02',1,29.57,'4RJT1NOLXUG037441','Green-Plus','','installed','Brake cooling duct'),
('GS-PACBS0177-03',1,59.55,'WWMN8RWHPDM674733','Green-Plus','','installed','Brake pump'),
('GS-PACBS0179-03',1,29.98,'4RJT1NOLXUG037441','Green-Plus','','installed','Brake rotor'),
('GS-PACBS0190-01',1,173.14,'AOIDQU2ROYY946376','Green-Plus','','installed','Hose'),
('GS-PACBS0191-01',1,56.00,'JL4O86VLF1F081674','Green-Plus','','installed','Brake booster hose'),
('GS-PACBS0195-02',1,78.31,'OETQ6SV7QKM285952','Green-Plus','','installed','Load-sensing valve'),
('GS-PACBS0195-03',1,40.32,'SMZSGMQWSKI621717','Green-Plus','','installed','Load-sensing valve'),
('GS-PACBS0196-01',1,26.54,'5WKWALJ4EQU001163','Green-Plus','','installed','Master Cylinder'),
('GS-PACBS0196-02',1,40.51,'SPE2WMY887O932788','Green-Plus','','received','Master Cylinder'),
('GS-PACBS0197-02',2,35.02,'OETQ6SV7QKM285952','Green-Plus','','installed','Metering valve'),
('IM-10141-03',1,58.77,'DBF5M62ODXK242204','Isdom','','installed','Fuse Box: The Alternative Tribute'),
('IM-BAE0004-01',1,54.00,'1P2ISJXQKIW025651','Isdom','','installed','Cowl screen'),
('IM-BAE0006-02',1,36.97,'6WRD8C6784B120048','Isdom','','installed','Fascia rear and support'),
('IM-BAE0008-01',2,78.06,'UYQXFHB268D227085','Isdom','','installed','Front clip'),
('IM-BAE0008-05',1,34.09,'IQ73NEIBJNB403342','Isdom','','installed','Front clip'),
('IM-BAE0011-04',1,20.71,'4RJT1NOLXUG037441','Isdom','','installed','Pillar and hard trim'),
('IM-BAE0014-02',1,7.10,'6WRD8C6784B120048','Isdom','','installed','Rocker panel'),
('IM-BAE0015-01',1,79.25,'Y0E0QLEFDDC702405','Isdom','','installed','Roof Rack'),
('IM-BAE0017-02',1,34.40,'ME064DUO8S0025936','Isdom','','installed','Front spoiler'),
('IM-BAE0021-02',1,22.33,'A1GTY6T551Q455502','Isdom','','installed','Valance'),
('IM-BAE0022-04',1,94.73,'HGHHV1IWCUX780355','Isdom','','installed','Welded assembly'),
('IM-BAED0024-02',1,12.33,'5L5RPVESTIA976918','Isdom','','installed','Outer door handle'),
('IM-BAED0025-04',1,89.05,'2N45QQ7SMY3757149','Isdom','','installed','Inner door handle'),
('IM-BAED0029-02',1,28.53,'UYQXFHB268D227085','Isdom','','installed','Hinge'),
('IM-BAED0031-01',1,99.69,'DABGHKVUB2D696619','Isdom','','installed','Lock'),
('IM-BAED0031-02',5,163.95,'OMJKHKQNFKJ761643','Isdom','','installed','Lock'),
('IM-EAEAD0047-01',1,24.15,'0RTZMNEP443530450','Isdom','','installed','Subwoofer'),
('IM-EAEESS0054-01',1,72.44,'L712UQJXM4L524142','Isdom','','installed','Performance battery'),
('IM-EAEESS0058-01',1,58.54,'0RTZMNEP443530450','Isdom','','ordered','Battery control system'),
('IM-EAEESS0059-01',1,8.95,'TRB4XOLO3Y2181257','Isdom','','installed','Battery plate'),
('IM-EAEESS0060-04',1,56.09,'HGHHV1IWCUX780355','Isdom','','installed','Battery tray'),
('IM-EAEGAM0063-03',1,82.40,'DBF5M62ODXK242204','Isdom','','installed','Clinometer'),
('IM-EAEGAM0065-02',1,38.09,'EJET1HMTOKB682315','Isdom','','installed','Fuel gauge'),
('IM-EAEGAM0068-01',1,24.81,'5L5RPVESTIA976918','Isdom','','installed','Speedometer'),
('IM-EAEGAM0068-02',1,11.79,'EJET1HMTOKB682315','Isdom','','ordered','Speedometer'),
('IM-EAEIS0078-02',1,7.25,'EJET1HMTOKB682315','Isdom','','installed','Ignition box'),
('IM-EAEIS0080-02',2,46.61,'A1GTY6T551Q455502','Isdom','','installed','Ignition coil parts'),
('IM-EAEIS0080-03',3,49.06,'DBF5M62ODXK242204','Isdom','','installed','Ignition coil parts'),
('IM-EAELASS0086-02',2,22.52,'ME064DUO8S0025936','Isdom','','ordered','Headlight'),
('IM-EAELASS0086-02',1,62.86,'XPBUWRX56F6412345','Isdom','','ordered','Headlight'),
('IM-EAELASS0091-01',1,11.11,'U4DAG21M25I154677','Isdom','','installed','Tail light'),
('IM-EAELASS0092-04',1,39.52,'2Y1UCXYY50T192604','Isdom','','installed','Tail light cover'),
('IM-EAEM0134-01',1,26.00,'72OI8SLM4HN113041','Isdom','','received','Central locking system'),
('IM-EAEM0134-04',2,4.31,'SAN8CKZV8O6386790','Isdom','','installed','Central locking system'),
('IM-EAEM0137-04',1,33.78,'VWWOX3PM6QD757820','Isdom','','installed','Door contact'),
('IM-EAEM0142-02',1,24.47,'XPBUWRX56F6412345','Isdom','','installed','Performance chip'),
('IM-EAEM0145-01',1,22.77,'72OI8SLM4HN113041','Isdom','','installed','Remote lock'),
('IM-EAEM0148-01',1,68.34,'1P2ISJXQKIW025651','Isdom','','installed','Speedometer calibrator'),
('IM-EAEM0148-03',1,114.80,'DBF5M62ODXK242204','Isdom','','installed','Speedometer calibrator'),
('IM-EAEM0149-04',2,41.61,'2N45QQ7SMY3757149','Isdom','','installed','Transmission computer'),
('IM-EAES0094-01',1,93.68,'Y0E0QLEFDDC702405','Isdom','','installed','Anti-pinch sensor'),
('IM-EAES0095-01',1,43.67,'1P2ISJXQKIW025651','Isdom','','installed','Camshaft position sensor'),
('IM-EAES0097-03',2,36.76,'MTBE6DK55IO892347','Isdom','','received','Engine sensor'),
('IM-EAES0104-02',1,20.34,'5L5RPVESTIA976918','Isdom','','ordered','Pressure sensor'),
('IM-EAES0104-02',1,4.72,'W1R2THVZD6L234135','Isdom','','received','Pressure sensor'),
('IM-EAES0105-04',4,151.13,'2Y1UCXYY50T192604','Isdom','','installed','Rain sensor'),
('IM-EAES0109-04',1,45.48,'2Y1UCXYY50T192604','Isdom','','installed','ABS brack sensor'),
('IM-EAES0124-03',1,146.58,'2Y1UCXYY50T192604','Isdom','','installed','Switch cover'),
('IM-EAES0126-01',1,0.37,'1P2ISJXQKIW025651','Isdom','','installed','Thermostat'),
('IM-EAEWH0128-02',1,50.29,'2YHAF0V8512939431','Isdom','','installed','Air conditioning harness'),
('IM-EAEWH0129-02',1,32.31,'6WRD8C6784B120048','Isdom','','installed','Engine compartment harness'),
('IM-EAEWH0129-04',1,7.47,'VWWOX3PM6QD757820','Isdom','','installed','Engine compartment harness'),
('IM-EAEWH0130-04',1,18.45,'4RJT1NOLXUG037441','Isdom','','installed','Interior harness'),
('IM-ICS0153-04',1,24.98,'4RJT1NOLXUG037441','Isdom','','installed','Armrest'),
('IM-ICS0156-04',1,8.28,'4RJT1NOLXUG037441','Isdom','','installed','Children and baby car seat'),
('IM-ICS0159-01',3,32.43,'Y0E0QLEFDDC702405','Isdom','','installed','Seat Belt'),
('IM-IFCAP0151-04',1,33.31,'VWWOX3PM6QD757820','Isdom','','installed','Carpet and other floor material'),
('IM-PACBS0163-02',3,36.43,'XPBUWRX56F6412345','Isdom','','received','Anti-lock braking system'),
('IM-PACBS0178-02',1,33.27,'6WRD8C6784B120048','Isdom','','installed','Brake roll'),
('IM-PACBS0181-02',1,47.99,'A1GTY6T551Q455502','Isdom','','installed','Brake shoe'),
('IM-PACBS0185-02',2,47.26,'A1GTY6T551Q455502','Isdom','','installed','Calibrated friction brake'),
('IM-PACBS0186-04',1,28.61,'SAN8CKZV8O6386790','Isdom','','installed','Caliper'),
('IM-PACBS0187-03',4,11.54,'2Y1UCXYY50T192604','Isdom','','installed','Combination valve'),
('IM-PACBS0189-02',1,29.64,'5L5RPVESTIA976918','Isdom','','ordered','Hold-down springs'),
('IM-PACBS0194-04',4,112.50,'HGHHV1IWCUX780355','Isdom','','installed','Hydraulic booster unit'),
('IM-PACBS0196-02',1,35.01,'XPBUWRX56F6412345','Isdom','','ordered','Master Cylinder'),
('IM-PACBS0198-01',1,33.39,'72OI8SLM4HN113041','Isdom','','installed','Other braking system parts'),
('IM-PACBS0198-04',4,74.46,'U6AKQW00N22614671','Isdom','','installed','Other braking system parts'),
('JN-10141-01',1,3.91,'30YUJXKGY7I314746','J-Texon','','received','Fuse Box: The Alternative Tribute'),
('JN-BAE0000-01',1,59.97,'M4E2PBWXZFJ700371','J-Texon','','received','Bonnet/hood'),
('JN-BAE0002-02',1,137.26,'YFV4PPW4SW8405660','J-Texon','','installed','Unexposed bumper'),
('JN-BAE0005-01',4,37.27,'GZ81MW85M47387080','J-Texon','','ordered','Decklid'),
('JN-BAE0007-01',1,145.90,'M4E2PBWXZFJ700371','J-Texon','','installed','Fender Musical Instruments Corporation'),
('JN-BAE0009-02',1,64.14,'8VGJ74SC8UK076966','J-Texon','','installed','Front fascia and header panel'),
('JN-BAE0010-02',1,49.89,'ZMVRJH6HGUZ703892','J-Texon','','installed','Grille'),
('JN-BAE0011-01',1,16.16,'MRHV8EI5ETH324409','J-Texon','','installed','Pillar and hard trim'),
('JN-BAE0019-02',1,36.62,'15WH5TNL8GD986516','J-Texon','','installed','Trim package'),
('JN-BAED0025-01',1,66.86,'2LUXDFJTYZA796766','J-Texon','','ordered','Inner door handle'),
('JN-BAED0027-01',1,18.58,'3464CBUBJ3G311266','J-Texon','','installed','Door seal'),
('JN-BAED0027-01',1,4.36,'ZPSM0A6MZXM357384','J-Texon','','installed','Door seal'),
('JN-BAED0030-02',4,118.25,'GTTYZXB3YJG754847','J-Texon','','installed','Door and bonnet'),
('JN-BAED0031-02',2,0.25,'FA7LJ664E04088299','J-Texon','','ordered','Lock'),
('JN-BAEW0035-01',1,99.14,'2LUXDFJTYZA796766','J-Texon','','installed','Sunroof motor'),
('JN-BAEW0038-02',1,48.16,'ZMVRJH6HGUZ703892','J-Texon','','installed','Windshield'),
('JN-BAEW0039-03',1,47.73,'MAO8BQ1NDT7049472','J-Texon','','installed','Windshield washer motor'),
('JN-EAEAD0041-01',1,83.76,'ZMVRJH6HGUZ703892','J-Texon','','installed','Antenna assembly'),
('JN-EAEAD0041-03',1,14.52,'FLACGVUE5FI388538','J-Texon','','installed','Antenna assembly'),
('JN-EAECS0049-01',1,48.72,'R3Q6NWXL5OK028859','J-Texon','','installed','Alternator bearing'),
('JN-EAECS0049-02',1,36.99,'GTTYZXB3YJG754847','J-Texon','','installed','Alternator bearing'),
('JN-EAECS0050-03',1,95.09,'U6AKQW00N22614671','J-Texon','','installed','Alternator bracket'),
('JN-EAEESS0053-02',1,88.12,'8VGJ74SC8UK076966','J-Texon','','installed','Battery'),
('JN-EAEESS0056-03',1,55.41,'XPBUWRX56F6412345','J-Texon','','ordered','Battery cable terminal'),
('JN-EAEESS0061-01',1,1.80,'EZ308PJB831681306','J-Texon','','installed','Voltage regulator'),
('JN-EAEGAM0063-02',3,11.90,'FA7LJ664E04088299','J-Texon','','ordered','Clinometer'),
('JN-EAEGAM0066-02',1,2.66,'EZ144Z2QAJC644839','J-Texon','','installed','Hydrometer'),
('JN-EAEGAM0069-02',1,67.08,'YFV4PPW4SW8405660','J-Texon','','installed','Tachometer'),
('JN-EAEGAM0072-01',1,14.03,'1HHB3PGRMMK153438','J-Texon','','received','Vacuum gauge'),
('JN-EAEGAM0072-05',1,46.16,'FPJBMT3OOG8061158','J-Texon','','installed','Vacuum gauge'),
('JN-EAEGAM0073-04',1,6.55,'Z1QCG3DRQAX515930','J-Texon','','installed','Voltmeter'),
('JN-EAEIS0075-01',2,13.51,'ZPSM0A6MZXM357384','J-Texon','','installed','Coil wire'),
('JN-EAEIS0078-01',1,7.59,'4BW4C1KL6TZ577336','J-Texon','','installed','Ignition box'),
('JN-EAEIS0079-01',2,79.39,'4BW4C1KL6TZ577336','J-Texon','','installed','Ignition Coil'),
('JN-EAEIS0081-01',1,5.78,'MRHV8EI5ETH324409','J-Texon','','installed','Ignition controller'),
('JN-EAELASS0083-03',1,136.91,'U6AKQW00N22614671','J-Texon','','installed','Engine bay lighting'),
('JN-EAELASS0084-01',1,18.46,'1HHB3PGRMMK153438','J-Texon','','received','Fog Light'),
('JN-EAELASS0085-03',2,51.49,'XPBUWRX56F6412345','J-Texon','','installed','Halogen'),
('JN-EAELASS0087-01',1,87.44,'ZMVRJH6HGUZ703892','J-Texon','','installed','Headlight motor'),
('JN-EAELASS0089-03',1,22.19,'FLACGVUE5FI388538','J-Texon','','installed','License plate lamp'),
('JN-EAELASS0089-03',1,64.49,'U6AKQW00N22614671','J-Texon','','installed','License plate lamp'),
('JN-EAELASS0090-01',2,41.53,'3464CBUBJ3G311266','J-Texon','','installed','Side lighting'),
('JN-EAEM0138-03',1,52.22,'XPBUWRX56F6412345','J-Texon','','ordered','Engine computer and management system'),
('JN-EAEM0140-01',1,18.70,'1M1GEHMECS1730055','J-Texon','','installed','Fuse'),
('JN-EAEM0140-04',1,7.94,'Z1QCG3DRQAX515930','J-Texon','','installed','Fuse'),
('JN-EAEM0147-02',2,29.78,'8VGJ74SC8UK076966','J-Texon','','installed','Speed controller'),
('JN-EAEM0150-01',2,47.84,'GZ81MW85M47387080','J-Texon','','ordered','Wiring connector'),
('JN-EAES0099-02',1,20.74,'SSSGFBFNIOE995675','J-Texon','','installed','Knock sensor'),
('JN-EAES0100-02',1,16.67,'8VGJ74SC8UK076966','J-Texon','','installed','Light sensor'),
('JN-EAES0100-02',1,33.25,'UVK0K4YAN4D361432','J-Texon','','ordered','Light sensor'),
('JN-EAES0107-01',1,97.33,'M4E2PBWXZFJ700371','J-Texon','','ordered','Temperature sensor'),
('JN-EAES0107-01',1,49.44,'R3Q6NWXL5OK028859','J-Texon','','installed','Temperature sensor'),
('JN-EAES0111-01',1,12.94,'M4E2PBWXZFJ700371','J-Texon','','received','MAP sensor'),
('JN-EAES0113-01',4,41.00,'RP3I3QO2BYF582498','J-Texon','','received','Oil level sensor'),
('JN-EAES0122-02',1,8.73,'FA7LJ664E04088299','J-Texon','','ordered','Power window switch'),
('JN-EAES0124-01',3,16.26,'RP3I3QO2BYF582498','J-Texon','','ordered','Switch cover'),
('JN-EAES0126-02',1,29.76,'GTTYZXB3YJG754847','J-Texon','','installed','Thermostat'),
('JN-EAESS0119-01',1,9.68,'R3Q6NWXL5OK028859','J-Texon','','installed','Spark Plug'),
('JN-EAEWH0128-04',1,52.68,'Z1QCG3DRQAX515930','J-Texon','','installed','Air conditioning harness'),
('JN-ICS0158-01',1,25.29,'ZPSM0A6MZXM357384','J-Texon','','installed','Headrest'),
('JN-ICS0160-01',1,14.49,'3464CBUBJ3G311266','J-Texon','','installed','Seat bracket'),
('JN-ICS0161-02',1,79.33,'ZMVRJH6HGUZ703892','J-Texon','','installed','Seat cover'),
('JN-ICS0162-02',1,117.45,'GTTYZXB3YJG754847','J-Texon','','installed','Seat track'),
('JN-PACBS0166-02',1,56.17,'UVK0K4YAN4D361432','J-Texon','','received','Anchor'),
('JN-PACBS0170-01',1,6.82,'R3Q6NWXL5OK028859','J-Texon','','installed','Brake cooling duct'),
('JN-PACBS0172-01',1,22.82,'2LUXDFJTYZA796766','J-Texon','','received','Brake drum'),
('JN-PACBS0175-01',2,45.58,'MRHV8EI5ETH324409','J-Texon','','installed','Brake pedal'),
('JN-PACBS0175-02',1,4.04,'SSSGFBFNIOE995675','J-Texon','','installed','Brake pedal'),
('JN-PACBS0177-01',1,58.11,'EZ308PJB831681306','J-Texon','','received','Brake pump'),
('JN-PACBS0177-03',2,20.24,'MAO8BQ1NDT7049472','J-Texon','','installed','Brake pump'),
('JN-PACBS0180-01',1,30.79,'RP3I3QO2BYF582498','J-Texon','','received','Brake servo'),
('JN-PACBS0180-02',1,147.65,'UVK0K4YAN4D361432','J-Texon','','ordered','Brake servo'),
('JN-PACBS0185-02',2,35.74,'YFV4PPW4SW8405660','J-Texon','','installed','Calibrated friction brake'),
('JN-PACBS0190-02',1,43.30,'2DHOH4P4672123749','J-Texon','','installed','Hose'),
('JN-PACBS0192-02',1,69.00,'MAO8BQ1NDT7049472','J-Texon','','installed','Air brake nylon hose'),
('JN-PACBS0194-01',1,76.37,'RP3I3QO2BYF582498','J-Texon','','ordered','Hydraulic booster unit'),
('JN-PACBS0197-03',2,14.72,'FLACGVUE5FI388538','J-Texon','','installed','Metering valve'),
('JN-PACBS0198-03',4,105.41,'MAO8BQ1NDT7049472','J-Texon','','installed','Other braking system parts'),
('KX-BAE0000-01',1,136.17,'FAQ8F8F300A215860','Konmatfix','','received','Bonnet/hood'),
('KX-BAE0001-01',1,51.92,'FAQ8F8F300A215860','Konmatfix','','received','Bumper'),
('KX-BAE0002-02',1,22.02,'3NED8CVSG6V494138','Konmatfix','','installed','Unexposed bumper'),
('KX-BAE0003-05',1,19.24,'JS0Y5W8KIDC106093','Konmatfix','','installed','Exposed bumper'),
('KX-BAE0004-01',1,71.23,'NJFDCKXL34E222565','Konmatfix','','installed','Cowl screen'),
('KX-BAE0009-01',1,66.02,'J6OMNLGS2AO161351','Konmatfix','','installed','Front fascia and header panel'),
('KX-BAE0014-01',1,11.80,'OA1F76XJUQS608395','Konmatfix','','installed','Rocker panel'),
('KX-BAE0016-01',1,122.63,'KEZRVGOFFMA250868','Konmatfix','','installed','Spoiler'),
('KX-BAE0020-01',1,76.16,'UDK1102XNQ4362369','Konmatfix','','installed','Trunk'),
('KX-BAED0024-01',1,144.94,'NJFDCKXL34E222565','Konmatfix','','installed','Outer door handle'),
('KX-BAEW0033-01',2,28.09,'OMJKHKQNFKJ761643','Konmatfix','','installed','Glass'),
('KX-BAEW0036-01',2,75.52,'B5Q25XY368S364688','Konmatfix','','installed','Window motor'),
('KX-EAEAD0042-01',5,62.05,'J6OMNLGS2AO161351','Konmatfix','','installed','Antenna cable'),
('KX-EAEAD0043-01',1,97.87,'8LPZZLYHF77014597','Konmatfix','','installed','Radio and media player'),
('KX-EAECS0050-01',1,151.84,'UDOHJKQNZRU355125','Konmatfix','','installed','Alternator bracket'),
('KX-EAECS0051-02',2,74.29,'BCTZOAWQMHJ300759','Konmatfix','','installed','Alternator fan'),
('KX-EAECS0052-01',1,4.16,'8LPZZLYHF77014597','Konmatfix','','installed','Other alternator parts'),
('KX-EAEESS0058-01',2,4.26,'UDK1102XNQ4362369','Konmatfix','','received','Battery control system'),
('KX-EAEESS0059-01',2,137.03,'OMJKHKQNFKJ761643','Konmatfix','','installed','Battery plate'),
('KX-EAEESS0061-03',1,69.82,'8UU0VC3VENC905922','Konmatfix','','installed','Voltage regulator'),
('KX-EAEGAM0063-03',1,28.04,'VTVE6444244403193','Konmatfix','','installed','Clinometer'),
('KX-EAEGAM0068-01',1,69.68,'KEZRVGOFFMA250868','Konmatfix','','ordered','Speedometer'),
('KX-EAEGAM0068-01',1,6.41,'RTV8NXYO2D4310350','Konmatfix','','installed','Speedometer'),
('KX-EAEIS0075-02',2,22.22,'3NED8CVSG6V494138','Konmatfix','','installed','Coil wire'),
('KX-EAEIS0075-02',1,64.43,'U3SEY7BL74U428566','Konmatfix','','installed','Coil wire'),
('KX-EAEIS0079-01',1,1.06,'B5Q25XY368S364688','Konmatfix','','installed','Ignition Coil'),
('KX-EAEIS0081-01',1,136.90,'NNKIP3UNIGZ353715','Konmatfix','','installed','Ignition controller'),
('KX-EAEIS0081-03',1,57.19,'036EG6XGHFJ822528','Konmatfix','','installed','Ignition controller'),
('KX-EAEIS0082-01',1,7.55,'RTV8NXYO2D4310350','Konmatfix','','installed','Magneto'),
('KX-EAEIS0082-02',1,62.04,'EQ22HWH3DG1475247','Konmatfix','','installed','Magneto'),
('KX-EAELASS0088-01',4,22.69,'B5Q25XY368S364688','Konmatfix','','installed','Interior light and lamp'),
('KX-EAELASS0088-01',2,102.40,'ZDNMEDH0CHN556637','Konmatfix','','ordered','Interior light and lamp'),
('KX-EAEM0134-04',1,110.58,'V73RJYYHEIT850422','Konmatfix','','ordered','Central locking system'),
('KX-EAEM0135-03',1,29.70,'VTVE6444244403193','Konmatfix','','installed','Chassis control computer'),
('KX-EAEM0136-01',1,150.16,'UDOHJKQNZRU355125','Konmatfix','','installed','Cruise control computer'),
('KX-EAEM0144-02',1,4.27,'L6EFDBPTY1B405814','Konmatfix','','installed','Relay connector'),
('KX-EAEM0144-04',1,19.98,'WGVK4P1UIPJ916959','Konmatfix','','ordered','Relay connector'),
('KX-EAEM0148-01',3,40.20,'J6OMNLGS2AO161351','Konmatfix','','installed','Speedometer calibrator'),
('KX-EAEM0150-03',1,141.71,'Q3TT4GKZDHK659352','Konmatfix','','installed','Wiring connector'),
('KX-EAES0094-03',1,31.87,'ME064DUO8S0025936','Konmatfix','','received','Anti-pinch sensor'),
('KX-EAES0096-01',2,121.50,'NNKIP3UNIGZ353715','Konmatfix','','installed','Crankshaft position sensor'),
('KX-EAES0101-01',1,77.78,'FAQ8F8F300A215860','Konmatfix','','installed','Manifold absolute pressure sensor'),
('KX-EAES0107-03',1,27.57,'ME064DUO8S0025936','Konmatfix','','installed','Temperature sensor'),
('KX-EAES0113-05',1,34.18,'JS0Y5W8KIDC106093','Konmatfix','','installed','Oil level sensor'),
('KX-EAES0121-01',1,24.90,'NNKIP3UNIGZ353715','Konmatfix','','installed','Ignition Switch'),
('KX-EAES0126-01',1,247.49,'0O56VQ0TP1C342110','Konmatfix','','installed','Thermostat'),
('KX-EAEWH0129-05',1,13.97,'JS0Y5W8KIDC106093','Konmatfix','','installed','Engine compartment harness'),
('KX-ICS0153-01',2,68.11,'2MSC0A8PW8U686208','Konmatfix','','installed','Armrest'),
('KX-ICS0156-01',1,3.74,'BROAYF3JXYB733688','Konmatfix','','ordered','Children and baby car seat'),
('KX-ICS0156-01',1,52.92,'J6OMNLGS2AO161351','Konmatfix','','installed','Children and baby car seat'),
('KX-ICS0159-02',1,30.62,'U3SEY7BL74U428566','Konmatfix','','installed','Seat Belt'),
('KX-ICS0161-02',1,77.51,'EQ22HWH3DG1475247','Konmatfix','','installed','Seat cover'),
('KX-ICS0162-03',1,14.67,'ME064DUO8S0025936','Konmatfix','','installed','Seat track'),
('KX-PACBS0166-02',1,9.14,'BCTZOAWQMHJ300759','Konmatfix','','installed','Anchor'),
('KX-PACBS0168-03',1,26.77,'ME064DUO8S0025936','Konmatfix','','received','Brake backing plate'),
('KX-PACBS0171-02',1,74.65,'3NED8CVSG6V494138','Konmatfix','','installed','Brake disc'),
('KX-PACBS0171-02',2,25.66,'DBF5M62ODXK242204','Konmatfix','','installed','Brake disc'),
('KX-PACBS0171-04',1,64.77,'HXP0L3Y7NRP032607','Konmatfix','','installed','Brake disc'),
('KX-PACBS0171-05',2,96.70,'U6AKQW00N22614671','Konmatfix','','installed','Brake disc'),
('KX-PACBS0172-01',1,103.29,'2MSC0A8PW8U686208','Konmatfix','','received','Brake drum'),
('KX-PACBS0173-05',1,0.54,'U6AKQW00N22614671','Konmatfix','','installed','Brake line'),
('KX-PACBS0175-01',2,95.07,'8LPZZLYHF77014597','Konmatfix','','installed','Brake pedal'),
('KX-PACBS0175-01',1,14.36,'BROAYF3JXYB733688','Konmatfix','','installed','Brake pedal'),
('KX-PACBS0177-01',1,46.41,'UDK1102XNQ4362369','Konmatfix','','installed','Brake pump'),
('KX-PACBS0186-01',1,144.26,'NJFDCKXL34E222565','Konmatfix','','installed','Caliper'),
('KX-PACBS0189-01',1,10.78,'KEZRVGOFFMA250868','Konmatfix','','received','Hold-down springs'),
('KX-PACBS0189-01',4,48.59,'UDK1102XNQ4362369','Konmatfix','','ordered','Hold-down springs'),
('KX-PACBS0190-01',1,14.61,'OA1F76XJUQS608395','Konmatfix','','installed','Hose'),
('KX-PACBS0190-01',4,77.05,'UDOHJKQNZRU355125','Konmatfix','','installed','Hose'),
('KX-PACBS0193-01',1,194.08,'OMJKHKQNFKJ761643','Konmatfix','','installed','Brake duct hose'),
('NX-BAE0002-05',1,89.63,'3P0R7483FP1117876','Newex','','received','Unexposed bumper'),
('NX-BAE0003-04',1,7.88,'8VGJ74SC8UK076966','Newex','','installed','Exposed bumper'),
('NX-BAE0004-05',1,31.48,'V08JG7APNII434369','Newex','','installed','Cowl screen'),
('NX-BAE0007-04',1,2.48,'8VGJ74SC8UK076966','Newex','','installed','Fender Musical Instruments Corporation'),
('NX-BAE0011-01',1,94.75,'QWYUAF6GIGE744209','Newex','','installed','Pillar and hard trim'),
('NX-BAE0011-02',1,5.00,'BKO2YY3HI56119138','Newex','','installed','Pillar and hard trim'),
('NX-BAE0015-03',1,2.41,'QVSOV4QTXAE520972','Newex','','installed','Roof Rack'),
('NX-BAE0018-03',1,41.51,'EWUO21O8D0P959813','Newex','','received','Rear spoiler'),
('NX-BAE0020-03',1,3.15,'5WKWALJ4EQU001163','Newex','','installed','Trunk'),
('NX-BAE0021-01',1,54.30,'TOIFP5YHHJC099537','Newex','','received','Valance'),
('NX-BAED0023-01',4,2.60,'4RJT1NOLXUG037441','Newex','','installed','Door beam and panel'),
('NX-BAED0028-01',1,72.44,'1C05IGNBBB6823554','Newex','','installed','Door watershield'),
('NX-BAEW0033-01',1,82.30,'TOIFP5YHHJC099537','Newex','','installed','Glass'),
('NX-EAEAD0041-03',1,21.36,'VJUYVX0SHHT606044','Newex','','installed','Antenna assembly'),
('NX-EAEAD0041-05',1,0.92,'V08JG7APNII434369','Newex','','installed','Antenna assembly'),
('NX-EAEAD0043-01',1,138.91,'8W38A5ZZFKA123439','Newex','','ordered','Radio and media player'),
('NX-EAEAD0043-02',1,23.77,'BROAYF3JXYB733688','Newex','','ordered','Radio and media player'),
('NX-EAEAD0047-02',2,11.97,'R3Q6NWXL5OK028859','Newex','','installed','Subwoofer'),
('NX-EAECS0051-01',1,6.92,'4BSRNVZZ2CQ691731','Newex','','installed','Alternator fan'),
('NX-EAECS0051-05',1,84.98,'HGHHV1IWCUX780355','Newex','','installed','Alternator fan'),
('NX-EAEESS0053-02',1,18.42,'R3Q6NWXL5OK028859','Newex','','installed','Battery'),
('NX-EAEESS0058-02',2,72.84,'2BEGOJVB21D198188','Newex','','received','Battery control system'),
('NX-EAEESS0059-01',1,12.13,'MPXFMDRYC6D036656','Newex','','installed','Battery plate'),
('NX-EAEESS0060-03',1,10.09,'JS0Y5W8KIDC106093','Newex','','installed','Battery tray'),
('NX-EAEESS0061-02',4,27.40,'LLPNU12CY5C440662','Newex','','installed','Voltage regulator'),
('NX-EAEGAM0065-01',1,28.61,'8WLKEABOQM5965804','Newex','','installed','Fuel gauge'),
('NX-EAEGAM0068-02',1,41.01,'LLPNU12CY5C440662','Newex','','ordered','Speedometer'),
('NX-EAEGAM0070-04',1,4.88,'8VGJ74SC8UK076966','Newex','','installed','Temperature gauge'),
('NX-EAELASS0083-02',1,16.80,'BROAYF3JXYB733688','Newex','','received','Engine bay lighting'),
('NX-EAELASS0084-03',1,14.40,'5WKWALJ4EQU001163','Newex','','installed','Fog Light'),
('NX-EAELASS0085-03',1,25.08,'5WKWALJ4EQU001163','Newex','','installed','Halogen'),
('NX-EAELASS0086-01',1,4.67,'MPXFMDRYC6D036656','Newex','','installed','Headlight'),
('NX-EAELASS0087-02',1,52.60,'2BEGOJVB21D198188','Newex','','installed','Headlight motor'),
('NX-EAELASS0088-05',1,0.92,'V08JG7APNII434369','Newex','','installed','Interior light and lamp'),
('NX-EAELASS0089-02',1,95.29,'UAITKQ7KMQN776987','Newex','','installed','License plate lamp'),
('NX-EAELASS0090-03',1,10.49,'JS0Y5W8KIDC106093','Newex','','installed','Side lighting'),
('NX-EAELASS0092-01',1,20.87,'1C05IGNBBB6823554','Newex','','installed','Tail light cover'),
('NX-EAEM0134-02',1,166.77,'BKO2YY3HI56119138','Newex','','installed','Central locking system'),
('NX-EAEM0139-01',4,59.71,'1C05IGNBBB6823554','Newex','','installed','Engine control unit'),
('NX-EAEM0142-01',4,41.68,'8W38A5ZZFKA123439','Newex','','ordered','Performance chip'),
('NX-EAES0101-02',1,63.29,'2BEGOJVB21D198188','Newex','','ordered','Manifold absolute pressure sensor'),
('NX-EAES0101-02',1,19.73,'BKO2YY3HI56119138','Newex','','installed','Manifold absolute pressure sensor'),
('NX-EAES0106-03',1,29.37,'YA0EN8KRBAN266216','Newex','','received','Rotational sensor'),
('NX-EAES0107-03',1,30.13,'5WKWALJ4EQU001163','Newex','','installed','Temperature sensor'),
('NX-EAES0108-02',4,29.84,'UAITKQ7KMQN776987','Newex','','ordered','Transmission input and output sensor'),
('NX-EAES0111-03',1,15.76,'JS0Y5W8KIDC106093','Newex','','installed','MAP sensor'),
('NX-EAES0120-05',1,37.73,'V08JG7APNII434369','Newex','','installed','Door switch'),
('NX-EAES0123-02',1,32.98,'UAITKQ7KMQN776987','Newex','','installed','Steering column switch'),
('NX-EAES0125-03',1,13.78,'QVSOV4QTXAE520972','Newex','','received','Switch panel'),
('NX-EAES0126-03',1,1.77,'YA0EN8KRBAN266216','Newex','','installed','Thermostat'),
('NX-EAESS0116-02',1,19.43,'BROAYF3JXYB733688','Newex','','installed','Starter drive'),
('NX-EAEWH0130-03',1,3.61,'YA0EN8KRBAN266216','Newex','','received','Interior harness'),
('NX-ICS0156-05',1,150.98,'HGHHV1IWCUX780355','Newex','','installed','Children and baby car seat'),
('NX-ICS0157-01',1,38.13,'TOIFP5YHHJC099537','Newex','','installed','Fastener'),
('NX-ICS0157-03',1,64.14,'EWUO21O8D0P959813','Newex','','ordered','Fastener'),
('NX-ICS0162-02',4,74.07,'2BEGOJVB21D198188','Newex','','installed','Seat track'),
('NX-PACBS0165-04',1,41.52,'UDOHJKQNZRU355125','Newex','','installed','Adjusting mechanism'),
('NX-PACBS0172-01',2,26.61,'MPXFMDRYC6D036656','Newex','','installed','Brake drum'),
('NX-PACBS0174-02',1,64.03,'UAITKQ7KMQN776987','Newex','','received','Brake pad'),
('NX-PACBS0175-01',1,80.26,'QF6QBNKTPSA019446','Newex','','ordered','Brake pedal'),
('NX-PACBS0179-02',1,3.30,'BKO2YY3HI56119138','Newex','','installed','Brake rotor'),
('NX-PACBS0183-01',1,67.97,'QWYUAF6GIGE744209','Newex','','installed','Shoe web'),
('NX-PACBS0184-01',1,17.83,'8WLKEABOQM5965804','Newex','','installed','Brake warning light'),
('NX-PACBS0190-01',4,18.64,'MPXFMDRYC6D036656','Newex','','installed','Hose'),
('NX-PACBS0193-01',1,38.80,'4BSRNVZZ2CQ691731','Newex','','installed','Brake duct hose'),
('OA-10141-01',1,57.01,'VLYZ0TBEDGM584853','Ontomedia','','installed','Fuse Box: The Alternative Tribute'),
('OA-10141-02',1,145.53,'IZPS1NTRXAH046134','Ontomedia','','installed','Fuse Box: The Alternative Tribute'),
('OA-BAE0002-01',1,65.08,'2YHAF0V8512939431','Ontomedia','','installed','Unexposed bumper'),
('OA-BAE0003-01',1,13.30,'8JVUFKHA0TM075506','Ontomedia','','installed','Exposed bumper'),
('OA-BAE0008-01',1,59.04,'ZIOB2UP8DA8102221','Ontomedia','','installed','Front clip'),
('OA-BAE0012-01',1,39.71,'5NFMDSJIMMB492412','Ontomedia','','received','Quarter panel'),
('OA-BAE0014-01',1,49.98,'I7TC64WMFN3679469','Ontomedia','','installed','Rocker panel'),
('OA-BAE0014-01',1,48.43,'U1GXDUQ2NVP642154','Ontomedia','','received','Rocker panel'),
('OA-BAE0016-04',1,95.74,'W17V1HTH5IW129737','Ontomedia','','ordered','Spoiler'),
('OA-BAE0017-03',1,51.16,'UAITKQ7KMQN776987','Ontomedia','','installed','Front spoiler'),
('OA-BAE0020-04',1,67.94,'W17V1HTH5IW129737','Ontomedia','','installed','Trunk'),
('OA-BAED0024-01',1,21.79,'8JVUFKHA0TM075506','Ontomedia','','installed','Outer door handle'),
('OA-BAED0025-01',1,59.24,'I7TC64WMFN3679469','Ontomedia','','installed','Inner door handle'),
('OA-BAED0026-02',1,48.37,'8WLKEABOQM5965804','Ontomedia','','installed','Door control module'),
('OA-BAED0030-02',1,14.38,'I7TC64WMFN3679469','Ontomedia','','installed','Door and bonnet'),
('OA-BAED0031-01',1,66.25,'KZQ5C1NSWAJ790169','Ontomedia','','installed','Lock'),
('OA-BAED0032-01',2,35.36,'LWA5MXOU4MD327938','Ontomedia','','installed','Centre Locking'),
('OA-BAEW0034-03',2,32.27,'SLY1Q4WQXLP675951','Ontomedia','','installed','Sunroof'),
('OA-BAEW0035-01',1,84.15,'I7TC64WMFN3679469','Ontomedia','','installed','Sunroof motor'),
('OA-BAEW0036-01',1,12.65,'EX0DFWC3FLW639681','Ontomedia','','installed','Window motor'),
('OA-BAEW0036-03',1,69.15,'4BW4C1KL6TZ577336','Ontomedia','','installed','Window motor'),
('OA-BAEW0037-01',1,34.16,'ELA1OD0NP7S259553','Ontomedia','','installed','Window regulator'),
('OA-BAEW0038-01',1,63.81,'U3SEY7BL74U428566','Ontomedia','','installed','Windshield'),
('OA-BAEW0039-01',1,6.06,'Q6C80HSWMFK634460','Ontomedia','','installed','Windshield washer motor'),
('OA-EAEAD0041-01',1,16.02,'Q6C80HSWMFK634460','Ontomedia','','installed','Antenna assembly'),
('OA-EAEAD0046-01',1,35.69,'U3SEY7BL74U428566','Ontomedia','','installed','Tuner'),
('OA-EAEESS0053-02',1,62.38,'HXP0L3Y7NRP032607','Ontomedia','','installed','Battery'),
('OA-EAEESS0053-02',1,33.39,'ZIOB2UP8DA8102221','Ontomedia','','installed','Battery'),
('OA-EAEESS0060-01',4,81.18,'2YHAF0V8512939431','Ontomedia','','installed','Battery tray'),
('OA-EAEESS0060-01',1,27.11,'KZQ5C1NSWAJ790169','Ontomedia','','installed','Battery tray'),
('OA-EAEESS0060-03',1,41.78,'N5QQ2WLB5PL198189','Ontomedia','','installed','Battery tray'),
('OA-EAEESS0061-02',1,169.29,'IZPS1NTRXAH046134','Ontomedia','','installed','Voltage regulator'),
('OA-EAEESS0061-03',1,19.36,'SLY1Q4WQXLP675951','Ontomedia','','installed','Voltage regulator'),
('OA-EAEESS0061-04',1,14.38,'W17V1HTH5IW129737','Ontomedia','','installed','Voltage regulator'),
('OA-EAEGAM0062-01',2,66.44,'5NFMDSJIMMB492412','Ontomedia','','ordered','Ammeter'),
('OA-EAEGAM0062-01',1,5.80,'KZQ5C1NSWAJ790169','Ontomedia','','installed','Ammeter'),
('OA-EAEGAM0062-05',1,9.44,'Q3TT4GKZDHK659352','Ontomedia','','installed','Ammeter'),
('OA-EAEGAM0065-02',1,0.43,'V08JG7APNII434369','Ontomedia','','installed','Fuel gauge'),
('OA-EAEGAM0065-03',2,19.18,'SLY1Q4WQXLP675951','Ontomedia','','installed','Fuel gauge'),
('OA-EAEGAM0067-01',1,70.12,'U1GXDUQ2NVP642154','Ontomedia','','installed','Odometer'),
('OA-EAEGAM0070-04',1,119.13,'HIEWYKOMDAK597903','Ontomedia','','installed','Temperature gauge'),
('OA-EAEGAM0072-03',1,57.65,'N5QQ2WLB5PL198189','Ontomedia','','installed','Vacuum gauge'),
('OA-EAEGAM0073-02',1,19.97,'8WLKEABOQM5965804','Ontomedia','','installed','Voltmeter'),
('OA-EAEGAM0073-04',1,92.09,'M3VW8YIQKWT779745','Ontomedia','','installed','Voltmeter'),
('OA-EAEGAM0074-01',1,21.10,'ZIOB2UP8DA8102221','Ontomedia','','installed','Water temperature meter'),
('OA-EAEGAM0074-02',3,27.73,'TVFRONGULQ7855167','Ontomedia','','installed','Water temperature meter'),
('OA-EAEIS0076-02',1,2.04,'8WLKEABOQM5965804','Ontomedia','','installed','Distributor'),
('OA-EAEIS0077-01',1,155.08,'HGHHV1IWCUX780355','Ontomedia','','installed','Electronic timing controller'),
('OA-EAEIS0077-02',1,24.14,'8WLKEABOQM5965804','Ontomedia','','installed','Electronic timing controller'),
('OA-EAEIS0079-02',1,82.26,'IZPS1NTRXAH046134','Ontomedia','','installed','Ignition Coil'),
('OA-EAEIS0079-03',1,70.08,'SLY1Q4WQXLP675951','Ontomedia','','installed','Ignition Coil'),
('OA-EAELASS0084-02',1,58.60,'8UU0VC3VENC905922','Ontomedia','','installed','Fog Light'),
('OA-EAELASS0084-03',1,72.99,'8LPZZLYHF77014597','Ontomedia','','installed','Fog Light'),
('OA-EAELASS0086-02',1,89.33,'8UU0VC3VENC905922','Ontomedia','','installed','Headlight'),
('OA-EAELASS0087-01',1,98.60,'5NFMDSJIMMB492412','Ontomedia','','received','Headlight motor'),
('OA-EAEM0132-04',1,110.77,'HIEWYKOMDAK597903','Ontomedia','','installed','Air bag control module'),
('OA-EAEM0132-04',1,110.91,'M3VW8YIQKWT779745','Ontomedia','','installed','Air bag control module'),
('OA-EAEM0133-04',1,78.78,'W17V1HTH5IW129737','Ontomedia','','ordered','Alarm and siren'),
('OA-EAEM0134-04',1,204.52,'M3VW8YIQKWT779745','Ontomedia','','installed','Central locking system'),
('OA-EAEM0137-03',1,106.98,'8LPZZLYHF77014597','Ontomedia','','installed','Door contact'),
('OA-EAEM0138-02',1,37.12,'V08JG7APNII434369','Ontomedia','','installed','Engine computer and management system'),
('OA-EAEM0142-03',1,87.61,'4BW4C1KL6TZ577336','Ontomedia','','installed','Performance chip'),
('OA-EAEM0143-02',1,119.59,'8W38A5ZZFKA123439','Ontomedia','','installed','Performance Monitor'),
('OA-EAEM0147-02',1,26.01,'V08JG7APNII434369','Ontomedia','','installed','Speed controller'),
('OA-EAEM0148-01',1,32.44,'EX0DFWC3FLW639681','Ontomedia','','installed','Speedometer calibrator'),
('OA-EAEM0149-04',1,3.85,'XPBUWRX56F6412345','Ontomedia','','ordered','Transmission computer'),
('OA-EAES0095-02',1,39.04,'NRQQC5OQ0F4586467','Ontomedia','','installed','Camshaft position sensor'),
('OA-EAES0098-02',2,44.33,'I7TC64WMFN3679469','Ontomedia','','installed','Fuel level sensor'),
('OA-EAES0102-02',1,172.70,'IZPS1NTRXAH046134','Ontomedia','','installed','Oxygen sensor'),
('OA-EAES0109-01',1,92.05,'2YHAF0V8512939431','Ontomedia','','installed','ABS brack sensor'),
('OA-EAES0110-01',1,73.65,'8JVUFKHA0TM075506','Ontomedia','','installed','TDC sensor'),
('OA-EAES0112-02',1,136.03,'8W38A5ZZFKA123439','Ontomedia','','ordered','IMA sensor'),
('OA-EAES0112-02',1,43.18,'ZIOB2UP8DA8102221','Ontomedia','','installed','IMA sensor'),
('OA-EAES0122-01',1,39.77,'VLYZ0TBEDGM584853','Ontomedia','','installed','Power window switch'),
('OA-EAES0126-02',1,58.55,'I7TC64WMFN3679469','Ontomedia','','installed','Thermostat'),
('OA-EAESS0119-02',1,56.71,'ZIOB2UP8DA8102221','Ontomedia','','installed','Spark Plug'),
('OA-EAEWH0131-01',2,65.04,'KZQ5C1NSWAJ790169','Ontomedia','','installed','Underfloor harness'),
('OA-ICS0153-01',1,60.25,'2YHAF0V8512939431','Ontomedia','','installed','Armrest'),
('OA-ICS0154-01',2,42.20,'5NFMDSJIMMB492412','Ontomedia','','ordered','Bench Seat'),
('OA-ICS0157-01',1,23.69,'EX0DFWC3FLW639681','Ontomedia','','installed','Fastener'),
('OA-ICS0157-04',1,18.14,'HIEWYKOMDAK597903','Ontomedia','','installed','Fastener'),
('OA-ICS0159-01',1,84.69,'8JVUFKHA0TM075506','Ontomedia','','installed','Seat Belt'),
('OA-ICS0161-04',1,67.52,'HIEWYKOMDAK597903','Ontomedia','','installed','Seat cover'),
('OA-IFCAP0152-03',1,22.50,'N5QQ2WLB5PL198189','Ontomedia','','installed','Center console'),
('OA-PACBS0163-01',1,52.25,'LWA5MXOU4MD327938','Ontomedia','','installed','Anti-lock braking system'),
('OA-PACBS0167-02',1,34.38,'1HHB3PGRMMK153438','Ontomedia','','installed','Bleed nipple'),
('OA-PACBS0168-01',1,32.12,'U1GXDUQ2NVP642154','Ontomedia','','installed','Brake backing plate'),
('OA-PACBS0171-03',1,108.74,'8LPZZLYHF77014597','Ontomedia','','installed','Brake disc'),
('OA-PACBS0173-02',1,18.62,'ZIOB2UP8DA8102221','Ontomedia','','installed','Brake line'),
('OA-PACBS0177-03',1,37.51,'JE1O6OHJZW1220783','Ontomedia','','installed','Brake pump'),
('OA-PACBS0180-01',2,86.06,'LWA5MXOU4MD327938','Ontomedia','','installed','Brake servo'),
('OA-PACBS0185-02',1,67.89,'HXP0L3Y7NRP032607','Ontomedia','','installed','Calibrated friction brake'),
('OA-PACBS0189-02',1,24.05,'NRQQC5OQ0F4586467','Ontomedia','','received','Hold-down springs'),
('OA-PACBS0190-01',1,108.21,'LWA5MXOU4MD327938','Ontomedia','','installed','Hose'),
('OA-PACBS0190-03',1,69.27,'JE1O6OHJZW1220783','Ontomedia','','installed','Hose'),
('OA-PACBS0190-04',1,46.67,'M3VW8YIQKWT779745','Ontomedia','','installed','Hose'),
('OA-PACBS0194-02',1,83.55,'8UU0VC3VENC905922','Ontomedia','','installed','Hydraulic booster unit'),
('OA-PACBS0197-01',4,85.12,'HGHHV1IWCUX780355','Ontomedia','','installed','Metering valve'),
('PP-10141-01',1,41.21,'0XPRYKN4QTB854977','Plusstrip','','installed','Fuse Box: The Alternative Tribute'),
('PP-BAE0002-01',1,140.13,'PI5K0FV5WKD862880','Plusstrip','','installed','Unexposed bumper'),
('PP-BAE0002-03',1,40.89,'Z1QCG3DRQAX515930','Plusstrip','','installed','Unexposed bumper'),
('PP-BAE0005-03',1,6.07,'2MSC0A8PW8U686208','Plusstrip','','ordered','Decklid'),
('PP-BAE0010-04',2,42.70,'MTBE6DK55IO892347','Plusstrip','','installed','Grille'),
('PP-BAE0011-02',1,10.07,'KE1QKPKS6Q8459351','Plusstrip','','installed','Pillar and hard trim'),
('PP-BAE0015-02',3,15.19,'323F5QUAPKX190724','Plusstrip','','installed','Roof Rack'),
('PP-BAE0022-02',1,78.44,'1GIQVMBR2A2798107','Plusstrip','','installed','Welded assembly'),
('PP-BAED0025-01',1,83.26,'N2VSLYX8OXL077775','Plusstrip','','installed','Inner door handle'),
('PP-BAED0027-01',1,54.13,'I5E5PHXL5CF199096','Plusstrip','','received','Door seal'),
('PP-BAED0029-02',1,56.21,'KE1QKPKS6Q8459351','Plusstrip','','installed','Hinge'),
('PP-BAED0029-04',1,10.36,'TRB4XOLO3Y2181257','Plusstrip','','installed','Hinge'),
('PP-BAED0031-01',1,63.95,'2JUBCDLLXSB731848','Plusstrip','','installed','Lock'),
('PP-BAED0031-04',1,67.78,'U1GXDUQ2NVP642154','Plusstrip','','received','Lock'),
('PP-BAEW0034-02',1,16.64,'N5QQ2WLB5PL198189','Plusstrip','','installed','Sunroof'),
('PP-BAEW0037-02',1,25.14,'SL5LRZAJFUI810871','Plusstrip','','installed','Window regulator'),
('PP-BAEW0039-02',1,21.86,'323F5QUAPKX190724','Plusstrip','','installed','Windshield washer motor'),
('PP-BAEW0040-02',2,36.14,'KE1QKPKS6Q8459351','Plusstrip','','installed','Window seal'),
('PP-BAEW0040-04',3,57.15,'5NFMDSJIMMB492412','Plusstrip','','received','Window seal'),
('PP-EAEAD0042-02',1,96.49,'F032TW1LYVD881430','Plusstrip','','installed','Antenna cable'),
('PP-EAEAD0042-02',1,20.60,'JA7U5AG0WEE170652','Plusstrip','','ordered','Antenna cable'),
('PP-EAEAD0044-04',1,57.74,'MTBE6DK55IO892347','Plusstrip','','installed','Other devices'),
('PP-EAEAD0046-01',1,28.52,'NRQQC5OQ0F4586467','Plusstrip','','installed','Tuner'),
('PP-EAEAD0046-02',1,100.91,'U6AKQW00N22614671','Plusstrip','','installed','Tuner'),
('PP-EAEAD0047-01',1,15.58,'N5QQ2WLB5PL198189','Plusstrip','','installed','Subwoofer'),
('PP-EAECS0050-01',1,75.68,'J1MG8R7RAZX116769','Plusstrip','','installed','Alternator bracket'),
('PP-EAECS0051-04',1,29.99,'TRB4XOLO3Y2181257','Plusstrip','','installed','Alternator fan'),
('PP-EAEESS0054-01',1,58.20,'EWUO21O8D0P959813','Plusstrip','','ordered','Performance battery'),
('PP-EAEESS0055-01',1,21.20,'2JUBCDLLXSB731848','Plusstrip','','installed','Battery box'),
('PP-EAEESS0055-01',1,16.86,'EQ22HWH3DG1475247','Plusstrip','','installed','Battery box'),
('PP-EAEESS0056-04',5,65.21,'NM3BN4RJS1M492634','Plusstrip','','ordered','Battery cable terminal'),
('PP-EAEESS0057-04',1,21.18,'5NFMDSJIMMB492412','Plusstrip','','installed','Battery cable'),
('PP-EAEESS0059-02',1,21.20,'JA7U5AG0WEE170652','Plusstrip','','received','Battery plate'),
('PP-EAEESS0059-02',2,126.42,'MJZ2P85E65M015209','Plusstrip','','installed','Battery plate'),
('PP-EAEESS0060-04',2,17.13,'NM3BN4RJS1M492634','Plusstrip','','installed','Battery tray'),
('PP-EAEESS0061-02',1,66.51,'MJZ2P85E65M015209','Plusstrip','','installed','Voltage regulator'),
('PP-EAEGAM0062-01',1,36.04,'NRQQC5OQ0F4586467','Plusstrip','','received','Ammeter'),
('PP-EAEGAM0067-02',1,103.57,'F032TW1LYVD881430','Plusstrip','','installed','Odometer'),
('PP-EAEIS0080-02',4,58.42,'I4ZQBJWMKGO132368','Plusstrip','','installed','Ignition coil parts'),
('PP-EAEIS0081-01',2,75.84,'7ZGFTG3CJWB276675','Plusstrip','','received','Ignition controller'),
('PP-EAELASS0084-02',3,13.52,'F032TW1LYVD881430','Plusstrip','','installed','Fog Light'),
('PP-EAELASS0085-02',1,39.12,'I4ZQBJWMKGO132368','Plusstrip','','installed','Halogen'),
('PP-EAELASS0092-01',1,58.24,'POBJLZ8FZN0427016','Plusstrip','','installed','Tail light cover'),
('PP-EAELASS0092-02',1,24.71,'SL5LRZAJFUI810871','Plusstrip','','received','Tail light cover'),
('PP-EAEM0136-02',1,37.28,'QF6QBNKTPSA019446','Plusstrip','','ordered','Cruise control computer'),
('PP-EAEM0137-01',1,43.55,'I5E5PHXL5CF199096','Plusstrip','','received','Door contact'),
('PP-EAEM0140-04',1,8.46,'5NFMDSJIMMB492412','Plusstrip','','ordered','Fuse'),
('PP-EAEM0144-01',1,127.53,'PI5K0FV5WKD862880','Plusstrip','','installed','Relay connector'),
('PP-EAEM0148-01',1,3.87,'ME064DUO8S0025936','Plusstrip','','installed','Speedometer calibrator'),
('PP-EAES0095-05',1,56.51,'2N45QQ7SMY3757149','Plusstrip','','installed','Camshaft position sensor'),
('PP-EAES0096-02',1,30.36,'323F5QUAPKX190724','Plusstrip','','installed','Crankshaft position sensor'),
('PP-EAES0096-04',1,74.75,'U1GXDUQ2NVP642154','Plusstrip','','installed','Crankshaft position sensor'),
('PP-EAES0099-02',2,51.42,'U6AKQW00N22614671','Plusstrip','','installed','Knock sensor'),
('PP-EAES0100-02',1,37.21,'I4ZQBJWMKGO132368','Plusstrip','','installed','Light sensor'),
('PP-EAES0101-05',1,37.10,'KCXGZEVS1QW404654','Plusstrip','','installed','Manifold absolute pressure sensor'),
('PP-EAES0102-04',2,56.31,'NM3BN4RJS1M492634','Plusstrip','','received','Oxygen sensor'),
('PP-EAES0103-02',1,107.64,'F032TW1LYVD881430','Plusstrip','','installed','Power-steering pressure sensor'),
('PP-EAES0104-03',1,2.63,'VWWOX3PM6QD757820','Plusstrip','','installed','Pressure sensor'),
('PP-EAES0106-05',1,38.88,'VLYZ0TBEDGM584853','Plusstrip','','installed','Rotational sensor'),
('PP-EAES0107-02',1,25.89,'CXGQS7AZP6I329568','Plusstrip','','installed','Temperature sensor'),
('PP-EAES0109-03',3,54.69,'2MSC0A8PW8U686208','Plusstrip','','ordered','ABS brack sensor'),
('PP-EAES0110-01',1,21.91,'0XPRYKN4QTB854977','Plusstrip','','installed','TDC sensor'),
('PP-EAES0110-01',1,41.93,'EQ22HWH3DG1475247','Plusstrip','','installed','TDC sensor'),
('PP-EAES0112-01',1,30.29,'0XPRYKN4QTB854977','Plusstrip','','installed','IMA sensor'),
('PP-EAES0112-02',1,61.70,'MJZ2P85E65M015209','Plusstrip','','installed','IMA sensor'),
('PP-EAES0112-03',1,39.77,'Z0405USEZKH796737','Plusstrip','','installed','IMA sensor'),
('PP-EAES0122-02',1,27.66,'323F5QUAPKX190724','Plusstrip','','installed','Power window switch'),
('PP-EAES0122-02',1,140.78,'73HIEJVMY26464395','Plusstrip','','installed','Power window switch'),
('PP-EAES0124-04',1,1.85,'MTBE6DK55IO892347','Plusstrip','','installed','Switch cover'),
('PP-EAES0125-01',1,42.56,'0XPRYKN4QTB854977','Plusstrip','','installed','Switch panel'),
('PP-EAES0126-01',1,52.64,'J1MG8R7RAZX116769','Plusstrip','','installed','Thermostat'),
('PP-EAES0126-01',1,27.43,'N5QQ2WLB5PL198189','Plusstrip','','installed','Thermostat'),
('PP-EAES0127-01',2,2.95,'8CR4YKPMHVR077313','Plusstrip','','installed','Frame Switch'),
('PP-EAESS0117-02',1,6.96,'2MSC0A8PW8U686208','Plusstrip','','received','Starter Motor'),
('PP-EAEWH0128-01',1,102.14,'N2VSLYX8OXL077775','Plusstrip','','installed','Air conditioning harness'),
('PP-EAEWH0131-04',1,28.72,'TRB4XOLO3Y2181257','Plusstrip','','installed','Underfloor harness'),
('PP-ICS0155-04',1,4.42,'MTBE6DK55IO892347','Plusstrip','','ordered','Bucket Seat'),
('PP-ICS0159-02',1,44.01,'2MSC0A8PW8U686208','Plusstrip','','received','Seat Belt'),
('PP-IFCAP0151-01',4,0.64,'ME064DUO8S0025936','Plusstrip','','ordered','Carpet and other floor material'),
('PP-PACBS0174-02',4,5.10,'JA7U5AG0WEE170652','Plusstrip','','ordered','Brake pad'),
('PP-PACBS0175-04',1,4.28,'1HHB3PGRMMK153438','Plusstrip','','ordered','Brake pedal'),
('PP-PACBS0180-01',1,1.31,'ME064DUO8S0025936','Plusstrip','','received','Brake servo'),
('PP-PACBS0183-03',1,76.57,'Z1QCG3DRQAX515930','Plusstrip','','installed','Shoe web'),
('PP-PACBS0183-04',1,87.73,'5NFMDSJIMMB492412','Plusstrip','','received','Shoe web'),
('PP-PACBS0184-01',1,164.47,'POBJLZ8FZN0427016','Plusstrip','','installed','Brake warning light'),
('PP-PACBS0189-01',1,55.25,'EQ22HWH3DG1475247','Plusstrip','','installed','Hold-down springs'),
('PP-PACBS0189-03',1,70.83,'Z0405USEZKH796737','Plusstrip','','installed','Hold-down springs'),
('PP-PACBS0191-01',2,41.02,'KE1QKPKS6Q8459351','Plusstrip','','installed','Brake booster hose'),
('PP-PACBS0191-01',1,4.52,'N5QQ2WLB5PL198189','Plusstrip','','installed','Brake booster hose'),
('PP-PACBS0192-01',1,61.82,'N5QQ2WLB5PL198189','Plusstrip','','installed','Air brake nylon hose'),
('PP-PACBS0192-02',1,37.17,'2MSC0A8PW8U686208','Plusstrip','','ordered','Air brake nylon hose'),
('RE-BAE0000-01',1,91.00,'IHYW5EQH7SL835482','Rundofase','','received','Bonnet/hood'),
('RE-BAE0000-03',2,25.48,'EZ144Z2QAJC644839','Rundofase','','installed','Bonnet/hood'),
('RE-BAE0002-03',1,49.11,'EZ144Z2QAJC644839','Rundofase','','installed','Unexposed bumper'),
('RE-BAE0004-01',1,52.78,'XNUNZXGY3NC711419','Rundofase','','installed','Cowl screen'),
('RE-BAE0009-03',1,57.97,'3NED8CVSG6V494138','Rundofase','','installed','Front fascia and header panel'),
('RE-BAE0010-02',1,54.67,'ZBZRLDKTF22899385','Rundofase','','installed','Grille'),
('RE-BAE0018-02',1,58.04,'BH6Z8Q8YUSV665327','Rundofase','','installed','Rear spoiler'),
('RE-BAE0021-01',1,19.72,'A58PSDYJWYD029917','Rundofase','','installed','Valance'),
('RE-BAE0021-03',1,81.17,'5NFMDSJIMMB492412','Rundofase','','installed','Valance'),
('RE-BAE0022-01',4,118.34,'MAO8BQ1NDT7049472','Rundofase','','installed','Welded assembly'),
('RE-BAED0023-01',1,128.44,'MAO8BQ1NDT7049472','Rundofase','','installed','Door beam and panel'),
('RE-BAED0023-05',2,141.47,'OQPBCN4Y1YB733979','Rundofase','','installed','Door beam and panel'),
('RE-BAED0024-01',1,89.73,'2BEGOJVB21D198188','Rundofase','','ordered','Outer door handle'),
('RE-BAED0027-04',2,30.26,'Q3TT4GKZDHK659352','Rundofase','','installed','Door seal'),
('RE-BAED0028-01',1,26.24,'DBF5M62ODXK242204','Rundofase','','installed','Door watershield'),
('RE-BAED0032-02',1,31.76,'JS0Y5W8KIDC106093','Rundofase','','installed','Centre Locking'),
('RE-BAEW0034-02',3,141.81,'OQPBCN4Y1YB733979','Rundofase','','installed','Sunroof'),
('RE-BAEW0035-04',1,8.75,'V08JG7APNII434369','Rundofase','','installed','Sunroof motor'),
('RE-BAEW0039-01',1,6.65,'054CB5NHFMK652777','Rundofase','','installed','Windshield washer motor'),
('RE-EAEAD0041-01',1,40.16,'MAO8BQ1NDT7049472','Rundofase','','installed','Antenna assembly'),
('RE-EAEAD0041-01',1,35.84,'XPBUWRX56F6412345','Rundofase','','installed','Antenna assembly'),
('RE-EAEAD0045-01',1,23.10,'NLYCMW5DAS5194596','Rundofase','','ordered','Speaker'),
('RE-EAEAD0045-02',1,115.54,'OQPBCN4Y1YB733979','Rundofase','','installed','Speaker'),
('RE-EAEAD0046-02',1,114.20,'OQPBCN4Y1YB733979','Rundofase','','installed','Tuner'),
('RE-EAEESS0054-03',1,116.69,'5NFMDSJIMMB492412','Rundofase','','installed','Performance battery'),
('RE-EAEESS0055-02',2,37.72,'ANW7EMLQVI6782246','Rundofase','','received','Battery box'),
('RE-EAEESS0056-01',1,54.54,'JZKBFXYGWL5900436','Rundofase','','installed','Battery cable terminal'),
('RE-EAEESS0058-02',1,59.65,'Z0405USEZKH796737','Rundofase','','installed','Battery control system'),
('RE-EAEESS0061-02',1,11.64,'ANW7EMLQVI6782246','Rundofase','','ordered','Voltage regulator'),
('RE-EAEESS0061-05',1,136.37,'OQPBCN4Y1YB733979','Rundofase','','installed','Voltage regulator'),
('RE-EAEGAM0062-02',1,90.21,'ZBZRLDKTF22899385','Rundofase','','installed','Ammeter'),
('RE-EAEGAM0069-02',1,116.66,'OQPBCN4Y1YB733979','Rundofase','','installed','Tachometer'),
('RE-EAEGAM0072-01',1,30.33,'6AZQDNCM3G6215989','Rundofase','','received','Vacuum gauge'),
('RE-EAEGAM0073-01',1,6.34,'K3MTK4TIJNU760358','Rundofase','','installed','Voltmeter'),
('RE-EAEIS0077-01',1,33.18,'KCXGZEVS1QW404654','Rundofase','','installed','Electronic timing controller'),
('RE-EAEIS0082-02',2,20.74,'JS0Y5W8KIDC106093','Rundofase','','installed','Magneto'),
('RE-EAELASS0085-01',1,34.63,'XNUNZXGY3NC711419','Rundofase','','installed','Halogen'),
('RE-EAELASS0088-04',2,24.88,'2CB6WLH88NB344487','Rundofase','','installed','Interior light and lamp'),
('RE-EAEM0136-02',2,30.53,'JS0Y5W8KIDC106093','Rundofase','','installed','Cruise control computer'),
('RE-EAEM0146-01',1,0.04,'XPBUWRX56F6412345','Rundofase','','installed','Shift improver'),
('RE-EAEM0148-01',1,80.36,'IHYW5EQH7SL835482','Rundofase','','ordered','Speedometer calibrator'),
('RE-EAEM0150-03',1,28.69,'EZ144Z2QAJC644839','Rundofase','','installed','Wiring connector'),
('RE-EAES0093-02',1,20.46,'FPJBMT3OOG8061158','Rundofase','','installed','Airbag sensor'),
('RE-EAES0106-01',1,50.81,'NLYCMW5DAS5194596','Rundofase','','installed','Rotational sensor'),
('RE-EAES0108-03',1,102.55,'P54475O4N8K403608','Rundofase','','installed','Transmission input and output sensor'),
('RE-EAES0120-04',4,16.56,'VTVE6444244403193','Rundofase','','installed','Door switch'),
('RE-EAES0125-03',3,46.28,'RP3I3QO2BYF582498','Rundofase','','ordered','Switch panel'),
('RE-EAESS0115-01',4,5.02,'K3MTK4TIJNU760358','Rundofase','','installed','Starter'),
('RE-EAESS0117-03',1,1.35,'3NED8CVSG6V494138','Rundofase','','installed','Starter Motor'),
('RE-EAEWH0129-03',1,111.06,'5NFMDSJIMMB492412','Rundofase','','ordered','Engine compartment harness'),
('RE-EAEWH0129-03',1,124.73,'P54475O4N8K403608','Rundofase','','installed','Engine compartment harness'),
('RE-ICS0153-01',1,31.48,'XPBUWRX56F6412345','Rundofase','','installed','Armrest'),
('RE-ICS0153-05',1,143.89,'OQPBCN4Y1YB733979','Rundofase','','installed','Armrest'),
('RE-ICS0154-02',1,8.97,'ANW7EMLQVI6782246','Rundofase','','installed','Bench Seat'),
('RE-ICS0161-02',1,1.93,'GEW8SXH3TWS985107','Rundofase','','installed','Seat cover'),
('RE-PACBS0163-01',1,26.56,'A58PSDYJWYD029917','Rundofase','','received','Anti-lock braking system'),
('RE-PACBS0164-02',1,44.10,'GEW8SXH3TWS985107','Rundofase','','installed','ABS steel pin'),
('RE-PACBS0164-02',1,4.70,'ZBZRLDKTF22899385','Rundofase','','installed','ABS steel pin'),
('RE-PACBS0164-05',1,143.09,'OQPBCN4Y1YB733979','Rundofase','','installed','ABS steel pin'),
('RE-PACBS0166-01',1,17.95,'MAO8BQ1NDT7049472','Rundofase','','installed','Anchor'),
('RE-PACBS0168-02',1,29.23,'JS0Y5W8KIDC106093','Rundofase','','installed','Brake backing plate'),
('RE-PACBS0170-01',1,10.58,'XNUNZXGY3NC711419','Rundofase','','installed','Brake cooling duct'),
('RE-PACBS0174-03',2,85.54,'P54475O4N8K403608','Rundofase','','installed','Brake pad'),
('RE-PACBS0175-01',1,18.30,'73HIEJVMY26464395','Rundofase','','installed','Brake pedal'),
('RE-PACBS0184-01',1,144.80,'73HIEJVMY26464395','Rundofase','','installed','Brake warning light'),
('RE-PACBS0186-01',1,79.35,'XPBUWRX56F6412345','Rundofase','','received','Caliper'),
('RE-PACBS0188-01',1,75.29,'K3MTK4TIJNU760358','Rundofase','','installed','Dual circuit brake system'),
('RE-PACBS0188-03',1,27.78,'3NED8CVSG6V494138','Rundofase','','installed','Dual circuit brake system'),
('RE-PACBS0190-01',1,225.61,'054CB5NHFMK652777','Rundofase','','installed','Hose'),
('RE-PACBS0191-01',1,33.15,'A58PSDYJWYD029917','Rundofase','','received','Brake booster hose'),
('RE-PACBS0194-02',5,95.06,'GEW8SXH3TWS985107','Rundofase','','installed','Hydraulic booster unit'),
('RE-PACBS0195-03',1,14.01,'EZ144Z2QAJC644839','Rundofase','','installed','Load-sensing valve'),
('SD-BAE0009-03',1,113.40,'0O56VQ0TP1C342110','Scotfind','','installed','Front fascia and header panel'),
('SD-BAE0011-03',1,2.86,'YFV4PPW4SW8405660','Scotfind','','installed','Pillar and hard trim'),
('SD-BAE0011-05',1,22.12,'NKY5WJPCYVC675161','Scotfind','','received','Pillar and hard trim'),
('SD-BAE0012-03',1,88.94,'YFV4PPW4SW8405660','Scotfind','','installed','Quarter panel'),
('SD-BAE0014-01',1,55.62,'55M41D1AGKW204016','Scotfind','','installed','Rocker panel'),
('SD-BAE0015-04',2,68.06,'1GIQVMBR2A2798107','Scotfind','','installed','Roof Rack'),
('SD-BAE0022-03',1,50.94,'W17V1HTH5IW129737','Scotfind','','ordered','Welded assembly'),
('SD-BAED0023-03',1,111.97,'5T3XYBUNB63008211','Scotfind','','installed','Door beam and panel'),
('SD-BAED0027-02',4,173.53,'2Y1UCXYY50T192604','Scotfind','','installed','Door seal'),
('SD-BAED0029-01',1,37.67,'ANW7EMLQVI6782246','Scotfind','','installed','Hinge'),
('SD-BAED0029-03',1,47.60,'W17V1HTH5IW129737','Scotfind','','installed','Hinge'),
('SD-BAED0030-01',1,61.05,'W17V1HTH5IW129737','Scotfind','','received','Door and bonnet'),
('SD-BAED0031-01',1,58.30,'XUYF42BKSWK479574','Scotfind','','installed','Lock'),
('SD-BAED0031-01',1,71.03,'YIRV4C5U8MN581204','Scotfind','','installed','Lock'),
('SD-BAED0032-01',1,122.21,'1RMG763RUOZ482821','Scotfind','','ordered','Centre Locking'),
('SD-BAEW0035-02',2,166.83,'AOIDQU2ROYY946376','Scotfind','','installed','Sunroof motor'),
('SD-BAEW0039-01',1,80.16,'W17V1HTH5IW129737','Scotfind','','received','Windshield washer motor'),
('SD-EAEAD0043-01',1,47.74,'YIRV4C5U8MN581204','Scotfind','','installed','Radio and media player'),
('SD-EAEAD0047-06',1,142.58,'M3VW8YIQKWT779745','Scotfind','','installed','Subwoofer'),
('SD-EAECS0048-04',3,70.38,'1GIQVMBR2A2798107','Scotfind','','installed','Alternator'),
('SD-EAECS0050-05',2,104.16,'2DHOH4P4672123749','Scotfind','','installed','Alternator bracket'),
('SD-EAEESS0057-01',1,1.22,'MM2NLRDRNXX156196','Scotfind','','installed','Battery cable'),
('SD-EAEESS0059-02',1,0.98,'Q3TT4GKZDHK659352','Scotfind','','installed','Battery plate'),
('SD-EAEGAM0065-03',1,175.82,'5T3XYBUNB63008211','Scotfind','','installed','Fuel gauge'),
('SD-EAEGAM0067-01',1,47.45,'6LYU65SHD4H127612','Scotfind','','installed','Odometer'),
('SD-EAEGAM0070-01',1,59.63,'1GIQVMBR2A2798107','Scotfind','','installed','Temperature gauge'),
('SD-EAEGAM0071-02',1,167.62,'2Y1UCXYY50T192604','Scotfind','','installed','Tire pressure gauge'),
('SD-EAEGAM0071-05',1,25.61,'SLY1Q4WQXLP675951','Scotfind','','installed','Tire pressure gauge'),
('SD-EAEGAM0073-01',1,32.48,'1RMG763RUOZ482821','Scotfind','','installed','Voltmeter'),
('SD-EAEGAM0073-02',1,102.23,'2LUXDFJTYZA796766','Scotfind','','installed','Voltmeter'),
('SD-EAEGAM0074-03',1,57.40,'2CB6WLH88NB344487','Scotfind','','installed','Water temperature meter'),
('SD-EAEIS0075-03',1,180.74,'YFV4PPW4SW8405660','Scotfind','','installed','Coil wire'),
('SD-EAEIS0076-01',1,53.19,'6LYU65SHD4H127612','Scotfind','','received','Distributor'),
('SD-EAEIS0076-02',1,84.46,'2LUXDFJTYZA796766','Scotfind','','received','Distributor'),
('SD-EAEIS0076-03',1,37.76,'2CB6WLH88NB344487','Scotfind','','installed','Distributor'),
('SD-EAEIS0078-03',4,247.32,'0O56VQ0TP1C342110','Scotfind','','installed','Ignition box'),
('SD-EAEIS0079-03',1,74.47,'W17V1HTH5IW129737','Scotfind','','received','Ignition Coil'),
('SD-EAEIS0081-01',1,35.72,'XUYF42BKSWK479574','Scotfind','','installed','Ignition controller'),
('SD-EAELASS0087-02',1,30.66,'2LUXDFJTYZA796766','Scotfind','','installed','Headlight motor'),
('SD-EAELASS0090-05',2,36.80,'SLY1Q4WQXLP675951','Scotfind','','installed','Side lighting'),
('SD-EAEM0137-06',1,183.33,'M3VW8YIQKWT779745','Scotfind','','installed','Door contact'),
('SD-EAEM0140-01',1,30.49,'ANW7EMLQVI6782246','Scotfind','','installed','Fuse'),
('SD-EAEM0143-01',1,22.35,'MATGJILCBL4124189','Scotfind','','installed','Performance Monitor'),
('SD-EAEM0143-02',1,14.87,'2YTUEYSLDJG398062','Scotfind','','installed','Performance Monitor'),
('SD-EAEM0144-01',3,48.31,'1V61QHRD20E210923','Scotfind','','ordered','Relay connector'),
('SD-EAEM0146-05',1,146.88,'NKY5WJPCYVC675161','Scotfind','','installed','Shift improver'),
('SD-EAEM0148-05',1,26.07,'SLY1Q4WQXLP675951','Scotfind','','installed','Speedometer calibrator'),
('SD-EAEM0150-01',1,98.15,'L535DHDAU62985677','Scotfind','','installed','Wiring connector'),
('SD-EAES0093-02',1,38.95,'Q3TT4GKZDHK659352','Scotfind','','installed','Airbag sensor'),
('SD-EAES0094-01',1,203.99,'M0S6NVFHN2E042385','Scotfind','','installed','Anti-pinch sensor'),
('SD-EAES0095-01',1,40.20,'ANW7EMLQVI6782246','Scotfind','','received','Camshaft position sensor'),
('SD-EAES0096-01',1,57.09,'1GIQVMBR2A2798107','Scotfind','','installed','Crankshaft position sensor'),
('SD-EAES0097-01',1,571.90,'MM2NLRDRNXX156196','Scotfind','','installed','Engine sensor'),
('SD-EAES0098-02',1,34.24,'IQ73NEIBJNB403342','Scotfind','','installed','Fuel level sensor'),
('SD-EAES0102-02',2,22.07,'EUNRBUAUCXQ934676','Scotfind','','installed','Oxygen sensor'),
('SD-EAES0104-06',1,43.82,'VTVE6444244403193','Scotfind','','installed','Pressure sensor'),
('SD-EAES0106-01',1,30.80,'MATGJILCBL4124189','Scotfind','','installed','Rotational sensor'),
('SD-EAES0110-01',1,59.54,'YIRV4C5U8MN581204','Scotfind','','installed','TDC sensor'),
('SD-EAES0112-06',1,14.82,'M3VW8YIQKWT779745','Scotfind','','installed','IMA sensor'),
('SD-EAES0121-01',1,57.81,'W17V1HTH5IW129737','Scotfind','','received','Ignition Switch'),
('SD-EAES0126-01',1,49.30,'55M41D1AGKW204016','Scotfind','','installed','Thermostat'),
('SD-EAESS0115-02',2,1.81,'IQ73NEIBJNB403342','Scotfind','','installed','Starter'),
('SD-EAESS0115-03',1,8.44,'2CB6WLH88NB344487','Scotfind','','installed','Starter'),
('SD-EAESS0116-01',1,55.33,'W17V1HTH5IW129737','Scotfind','','received','Starter drive'),
('SD-EAESS0117-01',1,19.76,'MATGJILCBL4124189','Scotfind','','installed','Starter Motor'),
('SD-EAESS0117-02',1,15.44,'2Y1UCXYY50T192604','Scotfind','','installed','Starter Motor'),
('SD-EAESS0119-01',1,37.64,'ANW7EMLQVI6782246','Scotfind','','received','Spark Plug'),
('SD-EAEWH0128-02',1,36.11,'IQ73NEIBJNB403342','Scotfind','','installed','Air conditioning harness'),
('SD-ICS0160-01',5,101.70,'1RMG763RUOZ482821','Scotfind','','installed','Seat bracket'),
('SD-ICS0161-01',4,302.35,'MM2NLRDRNXX156196','Scotfind','','installed','Seat cover'),
('SD-ICS0162-04',2,36.92,'1GIQVMBR2A2798107','Scotfind','','installed','Seat track'),
('SD-PACBS0163-02',2,55.51,'2LUXDFJTYZA796766','Scotfind','','installed','Anti-lock braking system'),
('SD-PACBS0165-05',1,87.42,'NKY5WJPCYVC675161','Scotfind','','ordered','Adjusting mechanism'),
('SD-PACBS0165-06',1,7.68,'VTVE6444244403193','Scotfind','','installed','Adjusting mechanism'),
('SD-PACBS0168-06',1,71.04,'M3VW8YIQKWT779745','Scotfind','','installed','Brake backing plate'),
('SD-PACBS0170-01',4,83.25,'YIRV4C5U8MN581204','Scotfind','','installed','Brake cooling duct'),
('SD-PACBS0179-03',2,202.13,'5T3XYBUNB63008211','Scotfind','','installed','Brake rotor'),
('SD-PACBS0179-03',1,30.94,'W17V1HTH5IW129737','Scotfind','','ordered','Brake rotor'),
('SD-PACBS0182-05',1,10.69,'2DHOH4P4672123749','Scotfind','','installed','Brake lining'),
('SD-PACBS0183-02',4,75.22,'2Y1UCXYY50T192604','Scotfind','','installed','Shoe web'),
('SD-PACBS0183-02',4,37.56,'IQ73NEIBJNB403342','Scotfind','','installed','Shoe web'),
('SD-PACBS0184-01',1,110.59,'1GIQVMBR2A2798107','Scotfind','','installed','Brake warning light'),
('SD-PACBS0184-05',4,134.38,'NKY5WJPCYVC675161','Scotfind','','ordered','Brake warning light'),
('SD-PACBS0188-03',1,46.04,'2CB6WLH88NB344487','Scotfind','','installed','Dual circuit brake system'),
('SD-PACBS0193-01',2,18.70,'MATGJILCBL4124189','Scotfind','','installed','Brake duct hose'),
('SE-10141-03',1,13.80,'U4DAG21M25I154677','Sumace','','installed','Fuse Box: The Alternative Tribute'),
('SE-BAE0001-03',1,33.13,'A1GTY6T551Q455502','Sumace','','installed','Bumper'),
('SE-BAE0002-03',3,18.38,'U4DAG21M25I154677','Sumace','','installed','Unexposed bumper'),
('SE-BAE0002-04',1,41.32,'OY3DWMTTXNP309610','Sumace','','ordered','Unexposed bumper'),
('SE-BAE0003-03',1,16.86,'HGHHV1IWCUX780355','Sumace','','installed','Exposed bumper'),
('SE-BAE0005-01',1,14.22,'RH3XN0D50EO772614','Sumace','','installed','Decklid'),
('SE-BAE0009-04',1,28.73,'JS0Y5W8KIDC106093','Sumace','','installed','Front fascia and header panel'),
('SE-BAE0009-04',1,10.00,'OY3DWMTTXNP309610','Sumace','','received','Front fascia and header panel'),
('SE-BAE0015-02',1,45.27,'HIEWYKOMDAK597903','Sumace','','installed','Roof Rack'),
('SE-BAED0027-02',1,8.09,'EV4TH4BF5DQ470200','Sumace','','installed','Door seal'),
('SE-BAEW0033-02',1,70.18,'KEZRVGOFFMA250868','Sumace','','received','Glass'),
('SE-BAEW0033-02',1,31.60,'VTJI8XXO2CO552773','Sumace','','ordered','Glass'),
('SE-BAEW0036-03',1,26.30,'VOCIAMIZKKN350227','Sumace','','ordered','Window motor'),
('SE-BAEW0036-05',4,24.23,'05PN35GUCGU088819','Sumace','','installed','Window motor'),
('SE-EAEAD0042-04',4,76.09,'KZQ5C1NSWAJ790169','Sumace','','installed','Antenna cable'),
('SE-EAEAD0047-03',1,86.88,'HIEWYKOMDAK597903','Sumace','','installed','Subwoofer'),
('SE-EAECS0048-03',1,21.15,'TOIFP5YHHJC099537','Sumace','','received','Alternator'),
('SE-EAECS0049-05',1,16.99,'U3SEY7BL74U428566','Sumace','','installed','Alternator bearing'),
('SE-EAECS0050-03',1,10.17,'HGHHV1IWCUX780355','Sumace','','installed','Alternator bracket'),
('SE-EAECS0050-03',1,91.13,'HIEWYKOMDAK597903','Sumace','','installed','Alternator bracket'),
('SE-EAEESS0056-02',4,25.59,'VTJI8XXO2CO552773','Sumace','','received','Battery cable terminal'),
('SE-EAEESS0057-05',2,23.31,'U3SEY7BL74U428566','Sumace','','installed','Battery cable'),
('SE-EAEESS0058-01',1,45.56,'8SGNAEKKQ0B252643','Sumace','','installed','Battery control system'),
('SE-EAEGAM0065-02',2,28.43,'VTJI8XXO2CO552773','Sumace','','ordered','Fuel gauge'),
('SE-EAEGAM0067-01',1,16.49,'YA0EN8KRBAN266216','Sumace','','received','Odometer'),
('SE-EAEGAM0068-04',2,39.23,'OY3DWMTTXNP309610','Sumace','','received','Speedometer'),
('SE-EAEGAM0069-02',4,30.65,'VTJI8XXO2CO552773','Sumace','','received','Tachometer'),
('SE-EAEGAM0070-01',1,10.49,'BYNUGAHZM1L977542','Sumace','','installed','Temperature gauge'),
('SE-EAEGAM0070-02',2,44.43,'EV4TH4BF5DQ470200','Sumace','','installed','Temperature gauge'),
('SE-EAEGAM0070-04',1,59.72,'KZQ5C1NSWAJ790169','Sumace','','installed','Temperature gauge'),
('SE-EAEGAM0071-03',1,70.70,'A1GTY6T551Q455502','Sumace','','installed','Tire pressure gauge'),
('SE-EAEIS0075-01',1,46.59,'L6EFDBPTY1B405814','Sumace','','installed','Coil wire'),
('SE-EAEIS0075-02',1,10.39,'HIEWYKOMDAK597903','Sumace','','installed','Coil wire'),
('SE-EAEIS0076-01',1,7.38,'YA0EN8KRBAN266216','Sumace','','ordered','Distributor'),
('SE-EAEIS0077-01',1,15.78,'BYNUGAHZM1L977542','Sumace','','installed','Electronic timing controller'),
('SE-EAEIS0078-01',1,219.56,'WQGPTZ2HOU7481211','Sumace','','installed','Ignition box'),
('SE-EAEIS0079-01',1,35.95,'VOCIAMIZKKN350227','Sumace','','ordered','Ignition Coil'),
('SE-EAELASS0083-03',1,23.52,'VOCIAMIZKKN350227','Sumace','','received','Engine bay lighting'),
('SE-EAELASS0084-03',1,41.75,'JBPIGW2CI42143239','Sumace','','received','Fog Light'),
('SE-EAELASS0086-01',1,40.39,'05PN35GUCGU088819','Sumace','','installed','Headlight'),
('SE-EAEM0134-03',1,77.70,'U4DAG21M25I154677','Sumace','','installed','Central locking system'),
('SE-EAEM0138-03',1,4.45,'W85FIU0UPWJ342063','Sumace','','installed','Engine computer and management system'),
('SE-EAEM0139-01',1,19.47,'BYNUGAHZM1L977542','Sumace','','installed','Engine control unit'),
('SE-EAEM0146-05',1,60.93,'U1GXDUQ2NVP642154','Sumace','','ordered','Shift improver'),
('SE-EAEM0148-01',1,113.03,'T1TFNQC1QZ0222284','Sumace','','installed','Speedometer calibrator'),
('SE-EAES0093-02',1,25.64,'RXLO3PC8EG8307071','Sumace','','installed','Airbag sensor'),
('SE-EAES0094-02',1,92.72,'KEZRVGOFFMA250868','Sumace','','installed','Anti-pinch sensor'),
('SE-EAES0101-03',1,55.19,'TOIFP5YHHJC099537','Sumace','','ordered','Manifold absolute pressure sensor'),
('SE-EAES0102-02',4,10.31,'8SGNAEKKQ0B252643','Sumace','','installed','Oxygen sensor'),
('SE-EAES0104-02',1,59.48,'0RTZMNEP443530450','Sumace','','ordered','Pressure sensor'),
('SE-EAES0104-03',1,14.12,'MRHT53HXAKW856444','Sumace','','installed','Pressure sensor'),
('SE-EAES0105-03',1,18.25,'VOCIAMIZKKN350227','Sumace','','received','Rain sensor'),
('SE-EAES0106-02',4,54.02,'NNKIP3UNIGZ353715','Sumace','','installed','Rotational sensor'),
('SE-EAES0107-02',1,27.26,'KEZRVGOFFMA250868','Sumace','','received','Temperature sensor'),
('SE-EAES0111-02',1,5.22,'JA7YVHAFRLT437706','Sumace','','installed','MAP sensor'),
('SE-EAES0113-02',1,17.32,'QPMO737UII0340028','Sumace','','ordered','Oil level sensor'),
('SE-EAES0114-03',1,129.36,'HJHFHI4TARG736468','Sumace','','installed','ABS sensor'),
('SE-EAES0120-03',1,78.52,'HGHHV1IWCUX780355','Sumace','','installed','Door switch'),
('SE-EAES0123-01',1,21.25,'8SGNAEKKQ0B252643','Sumace','','installed','Steering column switch'),
('SE-EAES0124-03',1,57.42,'TOIFP5YHHJC099537','Sumace','','received','Switch cover'),
('SE-EAES0125-03',1,42.92,'JBPIGW2CI42143239','Sumace','','ordered','Switch panel'),
('SE-EAES0126-01',1,19.95,'BYNUGAHZM1L977542','Sumace','','installed','Thermostat'),
('SE-EAES0127-04',1,11.99,'JS0Y5W8KIDC106093','Sumace','','installed','Frame Switch'),
('SE-EAESS0116-01',1,117.84,'RAZB0H0MQX5869731','Sumace','','ordered','Starter drive'),
('SE-EAESS0116-02',1,36.90,'KEZRVGOFFMA250868','Sumace','','ordered','Starter drive'),
('SE-EAESS0117-03',3,56.20,'MRHT53HXAKW856444','Sumace','','installed','Starter Motor'),
('SE-EAESS0118-03',1,124.39,'HGHHV1IWCUX780355','Sumace','','installed','Starter solenoid'),
('SE-EAESS0119-03',1,21.71,'U4DAG21M25I154677','Sumace','','installed','Spark Plug'),
('SE-EAEWH0128-03',1,74.85,'MRHT53HXAKW856444','Sumace','','installed','Air conditioning harness'),
('SE-EAEWH0129-05',3,94.32,'U3SEY7BL74U428566','Sumace','','installed','Engine compartment harness'),
('SE-EAEWH0131-04',1,2.08,'KZQ5C1NSWAJ790169','Sumace','','installed','Underfloor harness'),
('SE-ICS0154-02',1,78.04,'0RTZMNEP443530450','Sumace','','ordered','Bench Seat'),
('SE-ICS0157-03',1,42.26,'HJHFHI4TARG736468','Sumace','','installed','Fastener'),
('SE-ICS0158-02',1,3.28,'JBPIGW2CI42143239','Sumace','','received','Headrest'),
('SE-ICS0158-02',1,23.80,'QPMO737UII0340028','Sumace','','received','Headrest'),
('SE-ICS0160-03',1,77.88,'JBPIGW2CI42143239','Sumace','','ordered','Seat bracket'),
('SE-ICS0162-03',1,52.57,'HIEWYKOMDAK597903','Sumace','','installed','Seat track'),
('SE-IFCAP0151-02',1,1.56,'8SGNAEKKQ0B252643','Sumace','','installed','Carpet and other floor material'),
('SE-PACBS0168-01',1,27.39,'VOCIAMIZKKN350227','Sumace','','ordered','Brake backing plate'),
('SE-PACBS0181-04',1,25.72,'JS0Y5W8KIDC106093','Sumace','','installed','Brake shoe'),
('SE-PACBS0184-02',1,93.33,'NNKIP3UNIGZ353715','Sumace','','installed','Brake warning light'),
('SE-PACBS0186-04',1,45.76,'NKY5WJPCYVC675161','Sumace','','received','Caliper'),
('SE-PACBS0189-02',1,77.82,'JBPIGW2CI42143239','Sumace','','installed','Hold-down springs'),
('SE-PACBS0189-02',4,95.35,'NNKIP3UNIGZ353715','Sumace','','installed','Hold-down springs'),
('SE-PACBS0190-03',1,35.44,'TOIFP5YHHJC099537','Sumace','','received','Hose'),
('SE-PACBS0191-02',1,40.17,'NNKIP3UNIGZ353715','Sumace','','installed','Brake booster hose'),
('SE-PACBS0192-04',1,1.08,'OY3DWMTTXNP309610','Sumace','','received','Air brake nylon hose'),
('SE-PACBS0195-02',1,58.97,'0RTZMNEP443530450','Sumace','','installed','Load-sensing valve'),
('SE-PACBS0198-03',1,52.50,'JBPIGW2CI42143239','Sumace','','received','Other braking system parts'),
('SX-BAE0000-01',1,94.03,'HTIAUKNL6TA101731','Stanredtax','','installed','Bonnet/hood'),
('SX-BAE0000-01',1,26.57,'SMZSGMQWSKI621717','Stanredtax','','installed','Bonnet/hood'),
('SX-BAE0000-02',1,29.53,'30YUJXKGY7I314746','Stanredtax','','received','Bonnet/hood'),
('SX-BAE0001-01',1,70.68,'8U653RXUMZY984495','Stanredtax','','received','Bumper'),
('SX-BAE0001-02',1,50.34,'W85FIU0UPWJ342063','Stanredtax','','installed','Bumper'),
('SX-BAE0002-04',4,31.71,'L712UQJXM4L524142','Streethex','','installed','Unexposed bumper'),
('SX-BAE0003-01',1,117.80,'B68KFH50SOO194215','Streethex','','ordered','Exposed bumper'),
('SX-BAE0003-02',1,55.94,'U4DAG21M25I154677','Stanredtax','','installed','Exposed bumper'),
('SX-BAE0003-05',4,21.23,'WGVK4P1UIPJ916959','Streethex','','received','Exposed bumper'),
('SX-BAE0005-04',2,42.19,'OQPBCN4Y1YB733979','Streethex','','installed','Decklid'),
('SX-BAE0007-02',1,90.19,'JE1O6OHJZW1220783','Stanredtax','','installed','Fender Musical Instruments Corporation'),
('SX-BAE0007-05',1,2.77,'N64LL1WC63N759701','Streethex','','installed','Fender Musical Instruments Corporation'),
('SX-BAE0009-02',1,39.08,'OY3DWMTTXNP309610','Streethex','','installed','Front fascia and header panel'),
('SX-BAE0010-01',1,37.86,'LYPZILOBZ87153615','Streethex','','installed','Grille'),
('SX-BAE0010-01',4,17.28,'SMZSGMQWSKI621717','Stanredtax','','installed','Grille'),
('SX-BAE0011-02',1,561.21,'MM2NLRDRNXX156196','Streethex','','installed','Pillar and hard trim'),
('SX-BAE0012-01',1,23.05,'ZO6LSHSSJHC695220','Stanredtax','','received','Quarter panel'),
('SX-BAE0012-03',1,61.77,'1A8CMLRTUGR146952','Streethex','','ordered','Quarter panel'),
('SX-BAE0012-03',1,80.11,'VLYZ0TBEDGM584853','Streethex','','installed','Quarter panel'),
('SX-BAE0013-02',5,10.62,'5IZQ0A8JNL8536828','Stanredtax','','installed','Radiator core support'),
('SX-BAE0013-03',1,18.49,'SAN8CKZV8O6386790','Stanredtax','','installed','Radiator core support'),
('SX-BAE0014-02',2,308.14,'E5W8EPPWZS0896119','Stanredtax','','installed','Rocker panel'),
('SX-BAE0016-01',1,97.03,'O1C66KL1VK4840531','Streethex','','installed','Spoiler'),
('SX-BAE0016-02',1,191.04,'E5W8EPPWZS0896119','Stanredtax','','installed','Spoiler'),
('SX-BAE0019-02',1,185.61,'MM2NLRDRNXX156196','Streethex','','installed','Trim package'),
('SX-BAE0020-03',1,80.91,'ZDNMEDH0CHN556637','Stanredtax','','installed','Trunk'),
('SX-BAE0021-01',1,37.12,'15WH5TNL8GD986516','Streethex','','installed','Valance'),
('SX-BAE0021-02',1,13.36,'OY3DWMTTXNP309610','Streethex','','installed','Valance'),
('SX-BAE0021-03',1,24.07,'TVFRONGULQ7855167','Streethex','','installed','Valance'),
('SX-BAED0023-01',2,3.34,'W1R2THVZD6L234135','Streethex','','ordered','Door beam and panel'),
('SX-BAED0023-05',1,49.15,'WGVK4P1UIPJ916959','Streethex','','ordered','Door beam and panel'),
('SX-BAED0024-04',4,120.51,'Z8KJQAZ0L2C379316','Streethex','','installed','Outer door handle'),
('SX-BAED0024-05',1,6.77,'SAN8CKZV8O6386790','Streethex','','installed','Outer door handle'),
('SX-BAED0025-05',1,16.15,'NM3BN4RJS1M492634','Stanredtax','','received','Inner door handle'),
('SX-BAED0026-01',1,11.15,'3P0R7483FP1117876','Streethex','','installed','Door control module'),
('SX-BAED0027-01',1,8.63,'LYPZILOBZ87153615','Streethex','','installed','Door seal'),
('SX-BAED0028-01',1,67.89,'JE1O6OHJZW1220783','Stanredtax','','installed','Door watershield'),
('SX-BAED0028-01',3,3.35,'TVFRONGULQ7855167','Streethex','','installed','Door watershield'),
('SX-BAED0028-02',4,37.86,'XJMTKD21FUV756318','Streethex','','installed','Door watershield'),
('SX-BAED0028-03',4,24.56,'MPXFMDRYC6D036656','Streethex','','installed','Door watershield'),
('SX-BAED0029-01',1,35.65,'15WH5TNL8GD986516','Streethex','','installed','Hinge'),
('SX-BAED0029-02',1,131.97,'PI5K0FV5WKD862880','Streethex','','installed','Hinge'),
('SX-BAED0029-03',1,86.83,'VLYZ0TBEDGM584853','Streethex','','installed','Hinge'),
('SX-BAED0031-03',1,20.51,'MPXFMDRYC6D036656','Streethex','','installed','Lock'),
('SX-BAED0031-04',1,66.10,'OQPBCN4Y1YB733979','Streethex','','installed','Lock'),
('SX-BAEW0033-01',1,27.90,'SMZSGMQWSKI621717','Stanredtax','','installed','Glass'),
('SX-BAEW0033-05',1,26.88,'6AZQDNCM3G6215989','Stanredtax','','installed','Glass'),
('SX-BAEW0033-05',1,37.05,'NM3BN4RJS1M492634','Stanredtax','','ordered','Glass'),
('SX-BAEW0034-03',4,81.11,'1A8CMLRTUGR146952','Streethex','','ordered','Sunroof'),
('SX-BAEW0034-04',1,1.58,'U3SEY7BL74U428566','Stanredtax','','installed','Sunroof'),
('SX-BAEW0035-01',1,5.80,'OY3DWMTTXNP309610','Stanredtax','','ordered','Sunroof motor'),
('SX-BAEW0036-01',1,36.12,'JBPIGW2CI42143239','Streethex','','installed','Window motor'),
('SX-BAEW0036-02',1,23.15,'ZDNMEDH0CHN556637','Stanredtax','','ordered','Window motor'),
('SX-BAEW0037-02',2,9.29,'OY3DWMTTXNP309610','Streethex','','received','Window regulator'),
('SX-BAEW0038-01',1,35.52,'O1C66KL1VK4840531','Streethex','','installed','Windshield'),
('SX-BAEW0039-03',1,22.99,'TVFRONGULQ7855167','Streethex','','installed','Windshield washer motor'),
('SX-BAEW0040-02',1,48.83,'ZDNMEDH0CHN556637','Stanredtax','','ordered','Window seal'),
('SX-EAEAD0043-01',1,54.92,'8U653RXUMZY984495','Stanredtax','','received','Radio and media player'),
('SX-EAEAD0043-01',1,3.87,'VJUYVX0SHHT606044','Stanredtax','','installed','Radio and media player'),
('SX-EAEAD0043-05',1,24.63,'SAN8CKZV8O6386790','Streethex','','installed','Radio and media player'),
('SX-EAEAD0045-01',1,61.64,'LYPZILOBZ87153615','Streethex','','installed','Speaker'),
('SX-EAEAD0046-01',1,133.26,'5T3XYBUNB63008211','Stanredtax','','installed','Tuner'),
('SX-EAEAD0046-05',1,47.83,'NM3BN4RJS1M492634','Stanredtax','','installed','Tuner'),
('SX-EAECS0048-01',1,3.81,'VWWOX3PM6QD757820','Stanredtax','','installed','Alternator'),
('SX-EAECS0049-02',1,58.53,'5T3XYBUNB63008211','Stanredtax','','installed','Alternator bearing'),
('SX-EAECS0049-03',1,1.08,'TVFRONGULQ7855167','Streethex','','installed','Alternator bearing'),
('SX-EAECS0050-01',4,22.37,'2YTUEYSLDJG398062','Streethex','','installed','Alternator bracket'),
('SX-EAECS0052-04',1,47.61,'FLACGVUE5FI388538','Stanredtax','','installed','Other alternator parts'),
('SX-EAEESS0053-05',1,30.85,'WGVK4P1UIPJ916959','Streethex','','ordered','Battery'),
('SX-EAEESS0056-04',1,115.12,'1RMG763RUOZ482821','Stanredtax','','received','Battery cable terminal'),
('SX-EAEESS0059-04',1,2.82,'L712UQJXM4L524142','Streethex','','installed','Battery plate'),
('SX-EAEESS0060-02',1,16.42,'55M41D1AGKW204016','Streethex','','installed','Battery tray'),
('SX-EAEESS0060-05',1,59.69,'NM3BN4RJS1M492634','Stanredtax','','received','Battery tray'),
('SX-EAEESS0061-04',1,59.94,'RP3I3QO2BYF582498','Streethex','','ordered','Voltage regulator'),
('SX-EAEGAM0063-02',1,106.29,'JE1O6OHJZW1220783','Stanredtax','','installed','Clinometer'),
('SX-EAEGAM0065-01',1,184.80,'IZPS1NTRXAH046134','Stanredtax','','installed','Fuel gauge'),
('SX-EAEGAM0065-04',1,24.40,'OQPBCN4Y1YB733979','Streethex','','installed','Fuel gauge'),
('SX-EAEGAM0067-01',1,43.97,'JBPIGW2CI42143239','Streethex','','installed','Odometer'),
('SX-EAEGAM0068-01',2,10.25,'LLPNU12CY5C440662','Streethex','','received','Speedometer'),
('SX-EAEGAM0069-02',1,45.29,'RP3I3QO2BYF582498','Streethex','','ordered','Tachometer'),
('SX-EAEGAM0070-02',1,132.64,'HGHHV1IWCUX780355','Stanredtax','','installed','Temperature gauge'),
('SX-EAEGAM0072-03',1,49.85,'FPJBMT3OOG8061158','Stanredtax','','installed','Vacuum gauge'),
('SX-EAEGAM0073-02',1,66.25,'30YUJXKGY7I314746','Stanredtax','','received','Voltmeter'),
('SX-EAEGAM0074-02',1,87.65,'HGHHV1IWCUX780355','Stanredtax','','installed','Water temperature meter'),
('SX-EAEGAM0074-03',1,12.10,'FPJBMT3OOG8061158','Stanredtax','','installed','Water temperature meter'),
('SX-EAEIS0075-01',1,36.20,'8U653RXUMZY984495','Stanredtax','','received','Coil wire'),
('SX-EAEIS0075-04',1,7.79,'FLACGVUE5FI388538','Stanredtax','','installed','Coil wire'),
('SX-EAEIS0076-04',1,11.80,'L712UQJXM4L524142','Streethex','','installed','Distributor'),
('SX-EAEIS0077-04',1,84.61,'L712UQJXM4L524142','Streethex','','installed','Electronic timing controller'),
('SX-EAEIS0078-04',2,35.67,'Z8KJQAZ0L2C379316','Streethex','','installed','Ignition box'),
('SX-EAEIS0080-01',1,24.02,'U8CPVV20LCB872591','Streethex','','ordered','Ignition coil parts'),
('SX-EAEIS0080-02',1,10.38,'036EG6XGHFJ822528','Streethex','','installed','Ignition coil parts'),
('SX-EAEIS0081-01',1,40.80,'15WH5TNL8GD986516','Streethex','','installed','Ignition controller'),
('SX-EAEIS0081-01',1,51.87,'O1C66KL1VK4840531','Streethex','','installed','Ignition controller'),
('SX-EAEIS0081-02',1,72.85,'JE1O6OHJZW1220783','Stanredtax','','installed','Ignition controller'),
('SX-EAEIS0081-04',1,9.46,'SO6WD25XQVR636495','Stanredtax','','ordered','Ignition controller'),
('SX-EAEIS0082-01',1,100.51,'JBPIGW2CI42143239','Streethex','','ordered','Magneto'),
('SX-EAELASS0089-01',1,9.93,'W1R2THVZD6L234135','Streethex','','installed','License plate lamp'),
('SX-EAEM0132-01',1,284.32,'BKO2YY3HI56119138','Stanredtax','','installed','Air bag control module'),
('SX-EAEM0134-03',1,11.75,'72OI8SLM4HN113041','Stanredtax','','ordered','Central locking system'),
('SX-EAEM0135-01',1,33.38,'2YTUEYSLDJG398062','Streethex','','installed','Chassis control computer'),
('SX-EAEM0136-01',1,29.29,'15WH5TNL8GD986516','Streethex','','installed','Cruise control computer'),
('SX-EAEM0138-02',3,38.20,'UDK1102XNQ4362369','Stanredtax','','installed','Engine computer and management system'),
('SX-EAEM0139-01',1,5.00,'QPMO737UII0340028','Streethex','','received','Engine control unit'),
('SX-EAEM0139-03',1,11.48,'MPXFMDRYC6D036656','Streethex','','installed','Engine control unit'),
('SX-EAEM0140-03',1,23.17,'HXP0L3Y7NRP032607','Streethex','','installed','Fuse'),
('SX-EAEM0140-04',1,24.62,'4BW4C1KL6TZ577336','Streethex','','installed','Fuse'),
('SX-EAEM0142-03',1,22.16,'TVFRONGULQ7855167','Streethex','','installed','Performance chip'),
('SX-EAEM0142-04',1,9.93,'VOCIAMIZKKN350227','Streethex','','ordered','Performance chip'),
('SX-EAEM0143-01',1,58.90,'JA7YVHAFRLT437706','Stanredtax','','installed','Performance Monitor'),
('SX-EAEM0143-02',1,75.95,'PI5K0FV5WKD862880','Streethex','','installed','Performance Monitor'),
('SX-EAEM0143-05',3,60.67,'5IZQ0A8JNL8536828','Streethex','','received','Performance Monitor'),
('SX-EAEM0145-05',1,30.03,'N64LL1WC63N759701','Streethex','','installed','Remote lock'),
('SX-EAEM0146-02',1,1.99,'Q6C80HSWMFK634460','Stanredtax','','installed','Shift improver'),
('SX-EAEM0146-04',2,130.17,'SO6WD25XQVR636495','Stanredtax','','installed','Shift improver'),
('SX-EAEM0147-01',1,12.44,'QPMO737UII0340028','Streethex','','received','Speed controller'),
('SX-EAEM0148-05',5,96.65,'EX0DFWC3FLW639681','Stanredtax','','installed','Speedometer calibrator'),
('SX-EAEM0148-05',1,10.63,'SAN8CKZV8O6386790','Streethex','','installed','Speedometer calibrator'),
('SX-EAEM0149-01',1,5.57,'JS0Y5W8KIDC106093','Streethex','','installed','Transmission computer'),
('SX-EAES0095-02',1,15.05,'PI5K0FV5WKD862880','Streethex','','installed','Camshaft position sensor'),
('SX-EAES0095-03',1,70.68,'HXP0L3Y7NRP032607','Streethex','','installed','Camshaft position sensor'),
('SX-EAES0101-04',1,40.16,'FLACGVUE5FI388538','Stanredtax','','installed','Manifold absolute pressure sensor'),
('SX-EAES0102-04',1,31.48,'VOCIAMIZKKN350227','Streethex','','received','Oxygen sensor'),
('SX-EAES0104-02',1,151.48,'5T3XYBUNB63008211','Stanredtax','','installed','Pressure sensor'),
('SX-EAES0105-01',1,0.92,'4HVC60L66KI459720','Streethex','','installed','Rain sensor'),
('SX-EAES0106-01',2,21.81,'4HVC60L66KI459720','Streethex','','installed','Rotational sensor'),
('SX-EAES0106-01',2,71.92,'B68KFH50SOO194215','Streethex','','installed','Rotational sensor'),
('SX-EAES0107-04',1,54.30,'RP3I3QO2BYF582498','Streethex','','received','Temperature sensor'),
('SX-EAES0109-04',4,33.55,'1RMG763RUOZ482821','Stanredtax','','ordered','ABS brack sensor'),
('SX-EAES0109-04',1,6.34,'VOCIAMIZKKN350227','Streethex','','installed','ABS brack sensor'),
('SX-EAES0110-02',1,25.93,'XJMTKD21FUV756318','Streethex','','installed','TDC sensor'),
('SX-EAES0114-03',1,85.49,'UDOHJKQNZRU355125','Stanredtax','','installed','ABS sensor'),
('SX-EAES0120-01',1,99.28,'8U653RXUMZY984495','Stanredtax','','ordered','Door switch'),
('SX-EAES0123-02',2,51.23,'HGHHV1IWCUX780355','Stanredtax','','installed','Steering column switch'),
('SX-EAES0124-02',1,31.10,'036EG6XGHFJ822528','Streethex','','installed','Switch cover'),
('SX-EAES0125-02',1,85.66,'UDK1102XNQ4362369','Stanredtax','','ordered','Switch panel'),
('SX-EAES0126-01',1,40.70,'340C5KYKWVM715838','Stanredtax','','installed','Thermostat'),
('SX-EAES0126-01',1,21.78,'VWWOX3PM6QD757820','Stanredtax','','installed','Thermostat'),
('SX-EAES0127-05',2,60.04,'5IZQ0A8JNL8536828','Streethex','','ordered','Frame Switch'),
('SX-EAESS0115-04',1,15.26,'FLACGVUE5FI388538','Stanredtax','','installed','Starter'),
('SX-EAESS0116-02',1,11.10,'036EG6XGHFJ822528','Streethex','','installed','Starter drive'),
('SX-EAEWH0128-02',1,52.75,'55M41D1AGKW204016','Streethex','','installed','Air conditioning harness'),
('SX-EAEWH0131-05',1,37.07,'6AZQDNCM3G6215989','Stanredtax','','installed','Underfloor harness'),
('SX-ICS0153-01',1,56.94,'B68KFH50SOO194215','Streethex','','installed','Armrest'),
('SX-ICS0153-01',1,38.01,'JA7YVHAFRLT437706','Stanredtax','','installed','Armrest'),
('SX-ICS0153-01',1,26.74,'W1R2THVZD6L234135','Streethex','','installed','Armrest'),
('SX-ICS0156-01',1,10.93,'TVFRONGULQ7855167','Streethex','','installed','Children and baby car seat'),
('SX-ICS0156-03',1,36.86,'HXP0L3Y7NRP032607','Streethex','','installed','Children and baby car seat'),
('SX-ICS0156-03',2,8.73,'MPXFMDRYC6D036656','Streethex','','installed','Children and baby car seat'),
('SX-ICS0156-03',1,46.55,'VLYZ0TBEDGM584853','Streethex','','installed','Children and baby car seat'),
('SX-ICS0159-05',1,18.65,'SAN8CKZV8O6386790','Streethex','','installed','Seat Belt'),
('SX-ICS0161-01',1,10.16,'JE1O6OHJZW1220783','Stanredtax','','installed','Seat cover'),
('SX-ICS0161-01',1,11.39,'VWWOX3PM6QD757820','Stanredtax','','installed','Seat cover'),
('SX-ICS0161-04',4,33.99,'RP3I3QO2BYF582498','Streethex','','ordered','Seat cover'),
('SX-IFCAP0151-01',1,10.04,'LYPZILOBZ87153615','Streethex','','installed','Carpet and other floor material'),
('SX-IFCAP0152-03',1,18.09,'SAN8CKZV8O6386790','Stanredtax','','installed','Center console'),
('SX-PACBS0163-03',1,67.09,'1A8CMLRTUGR146952','Streethex','','received','Anti-lock braking system'),
('SX-PACBS0167-04',1,44.75,'RP3I3QO2BYF582498','Streethex','','received','Bleed nipple'),
('SX-PACBS0172-01',2,52.66,'HTIAUKNL6TA101731','Stanredtax','','installed','Brake drum'),
('SX-PACBS0174-02',1,89.44,'ZDNMEDH0CHN556637','Stanredtax','','ordered','Brake pad'),
('SX-PACBS0175-01',1,3.60,'TVFRONGULQ7855167','Streethex','','installed','Brake pedal'),
('SX-PACBS0176-02',1,127.22,'UDK1102XNQ4362369','Stanredtax','','ordered','Brake piston'),
('SX-PACBS0177-03',1,120.60,'NNKIP3UNIGZ353715','Stanredtax','','installed','Brake pump'),
('SX-PACBS0178-01',1,48.19,'IZPS1NTRXAH046134','Stanredtax','','installed','Brake roll'),
('SX-PACBS0178-03',1,28.30,'72OI8SLM4HN113041','Stanredtax','','ordered','Brake roll'),
('SX-PACBS0180-03',1,77.01,'HXP0L3Y7NRP032607','Streethex','','installed','Brake servo'),
('SX-PACBS0181-01',1,4.12,'TVFRONGULQ7855167','Streethex','','installed','Brake shoe'),
('SX-PACBS0182-05',1,33.56,'8VGJ74SC8UK076966','Streethex','','installed','Brake lining'),
('SX-PACBS0183-01',2,27.06,'W1R2THVZD6L234135','Streethex','','received','Shoe web'),
('SX-PACBS0183-03',1,19.59,'NNKIP3UNIGZ353715','Stanredtax','','installed','Shoe web'),
('SX-PACBS0186-03',3,74.56,'VLYZ0TBEDGM584853','Streethex','','installed','Caliper'),
('SX-PACBS0187-04',1,43.05,'U3SEY7BL74U428566','Stanredtax','','installed','Combination valve'),
('SX-PACBS0188-01',3,73.11,'3P0R7483FP1117876','Streethex','','installed','Dual circuit brake system'),
('SX-PACBS0190-01',2,99.94,'340C5KYKWVM715838','Stanredtax','','installed','Hose'),
('SX-PACBS0190-02',1,81.95,'EX0DFWC3FLW639681','Streethex','','installed','Hose'),
('SX-PACBS0191-02',5,62.24,'JE1O6OHJZW1220783','Stanredtax','','installed','Brake booster hose'),
('SX-PACBS0191-05',2,13.46,'N64LL1WC63N759701','Streethex','','installed','Brake booster hose'),
('SX-PACBS0194-02',4,10.14,'E5W8EPPWZS0896119','Stanredtax','','installed','Hydraulic booster unit'),
('SX-PACBS0195-01',1,37.56,'5T3XYBUNB63008211','Stanredtax','','installed','Load-sensing valve'),
('SX-PACBS0195-02',1,32.22,'PI5K0FV5WKD862880','Streethex','','installed','Load-sensing valve'),
('SX-PACBS0196-04',1,73.52,'4BW4C1KL6TZ577336','Streethex','','installed','Master Cylinder'),
('SX-PACBS0198-01',1,39.83,'O1C66KL1VK4840531','Streethex','','installed','Other braking system parts'),
('XM-10141-01',1,30.67,'KW1EHM2N1UB940362','Xx-zobam','','received','Fuse Box: The Alternative Tribute'),
('XM-BAE0004-01',4,12.57,'NVHYWIDW4WI400980','Xx-zobam','','received','Cowl screen'),
('XM-BAE0007-02',2,23.16,'VWWOX3PM6QD757820','Xx-zobam','','installed','Fender Musical Instruments Corporation'),
('XM-BAE0007-03',1,13.30,'GEW8SXH3TWS985107','Xx-zobam','','installed','Fender Musical Instruments Corporation'),
('XM-BAE0007-04',1,20.19,'N64LL1WC63N759701','Xx-zobam','','installed','Fender Musical Instruments Corporation'),
('XM-BAE0009-01',1,65.73,'NVHYWIDW4WI400980','Xx-zobam','','received','Front fascia and header panel'),
('XM-BAE0013-02',1,62.75,'3EAZYH5SPE8904041','Xx-zobam','','installed','Radiator core support'),
('XM-BAE0014-01',1,27.14,'5IZQ0A8JNL8536828','Xx-zobam','','received','Rocker panel'),
('XM-BAE0016-01',1,16.08,'SO6WD25XQVR636495','Xx-zobam','','installed','Spoiler'),
('XM-BAE0016-03',1,135.15,'8W38A5ZZFKA123439','Xx-zobam','','installed','Spoiler'),
('XM-BAE0018-01',1,44.79,'BW4Z2PQG761237438','Xx-zobam','','installed','Rear spoiler'),
('XM-BAE0019-02',1,6.66,'VWWOX3PM6QD757820','Xx-zobam','','installed','Trim package'),
('XM-BAE0021-02',1,64.50,'SO6WD25XQVR636495','Xx-zobam','','ordered','Valance'),
('XM-BAED0029-03',1,15.53,'JZKBFXYGWL5900436','Xx-zobam','','installed','Hinge'),
('XM-BAED0030-01',1,75.78,'F253TPAMQK3083569','Xx-zobam','','installed','Door and bonnet'),
('XM-BAED0032-01',1,142.87,'OQPBCN4Y1YB733979','Xx-zobam','','installed','Centre Locking'),
('XM-BAEW0034-03',1,32.54,'EJET1HMTOKB682315','Xx-zobam','','installed','Sunroof'),
('XM-BAEW0034-03',1,48.68,'F42NYNK4BK3657449','Xx-zobam','','installed','Sunroof'),
('XM-BAEW0034-03',1,62.80,'M3VW8YIQKWT779745','Xx-zobam','','installed','Sunroof'),
('XM-BAEW0039-02',1,15.82,'FXCJT6N4BUT928292','Xx-zobam','','installed','Windshield washer motor'),
('XM-EAEAD0041-03',1,51.78,'F42NYNK4BK3657449','Xx-zobam','','installed','Antenna assembly'),
('XM-EAEAD0045-03',1,20.69,'EJET1HMTOKB682315','Xx-zobam','','ordered','Speaker'),
('XM-EAEAD0045-03',1,28.19,'L712UQJXM4L524142','Xx-zobam','','installed','Speaker'),
('XM-EAEAD0046-05',1,169.77,'YFV4PPW4SW8405660','Xx-zobam','','installed','Tuner'),
('XM-EAEAD0047-02',1,60.82,'SO6WD25XQVR636495','Xx-zobam','','received','Subwoofer'),
('XM-EAEAD0047-03',1,19.80,'JZKBFXYGWL5900436','Xx-zobam','','installed','Subwoofer'),
('XM-EAECS0050-01',1,56.90,'BCTZOAWQMHJ300759','Xx-zobam','','installed','Alternator bracket'),
('XM-EAECS0051-01',1,69.40,'NVHYWIDW4WI400980','Xx-zobam','','ordered','Alternator fan'),
('XM-EAEESS0055-01',1,2.12,'KW1EHM2N1UB940362','Xx-zobam','','ordered','Battery box'),
('XM-EAEESS0055-03',2,45.73,'KCXGZEVS1QW404654','Xx-zobam','','installed','Battery box'),
('XM-EAEESS0057-05',2,72.39,'YFV4PPW4SW8405660','Xx-zobam','','installed','Battery cable'),
('XM-EAEESS0058-04',4,12.33,'N64LL1WC63N759701','Xx-zobam','','installed','Battery control system'),
('XM-EAEESS0059-04',1,34.39,'N64LL1WC63N759701','Xx-zobam','','installed','Battery plate'),
('XM-EAEESS0060-01',1,55.56,'4TJ5T18OMFN710800','Xx-zobam','','installed','Battery tray'),
('XM-EAEESS0060-01',1,24.33,'QVSOV4QTXAE520972','Xx-zobam','','received','Battery tray'),
('XM-EAEGAM0063-02',4,61.54,'SO6WD25XQVR636495','Xx-zobam','','installed','Clinometer'),
('XM-EAEGAM0067-03',1,59.35,'GEW8SXH3TWS985107','Xx-zobam','','installed','Odometer'),
('XM-EAEGAM0068-03',1,15.90,'03KAPEOTGE8482192','Xx-zobam','','ordered','Speedometer'),
('XM-EAEGAM0069-03',2,8.18,'F42NYNK4BK3657449','Xx-zobam','','installed','Tachometer'),
('XM-EAEGAM0072-02',1,98.53,'5NFMDSJIMMB492412','Xx-zobam','','ordered','Vacuum gauge'),
('XM-EAEGAM0074-04',1,0.39,'N64LL1WC63N759701','Xx-zobam','','installed','Water temperature meter'),
('XM-EAEIS0075-02',1,49.22,'W17V1HTH5IW129737','Xx-zobam','','installed','Coil wire'),
('XM-EAEIS0075-04',1,54.01,'6WRD8C6784B120048','Xx-zobam','','installed','Coil wire'),
('XM-EAEIS0076-01',2,30.14,'VTVE6444244403193','Xx-zobam','','installed','Distributor'),
('XM-EAEIS0076-02',1,33.25,'2CB6WLH88NB344487','Xx-zobam','','installed','Distributor'),
('XM-EAEIS0076-02',1,54.53,'5NFMDSJIMMB492412','Xx-zobam','','received','Distributor'),
('XM-EAEIS0078-02',4,49.60,'KCXGZEVS1QW404654','Xx-zobam','','installed','Ignition box'),
('XM-EAEIS0080-01',1,81.54,'OQPBCN4Y1YB733979','Xx-zobam','','installed','Ignition coil parts'),
('XM-EAEIS0080-01',2,32.58,'VTVE6444244403193','Xx-zobam','','installed','Ignition coil parts'),
('XM-EAEIS0081-01',1,42.08,'MRHT53HXAKW856444','Xx-zobam','','installed','Ignition controller'),
('XM-EAEIS0081-03',2,61.43,'03KAPEOTGE8482192','Xx-zobam','','received','Ignition controller'),
('XM-EAEIS0082-03',1,43.95,'F42NYNK4BK3657449','Xx-zobam','','installed','Magneto'),
('XM-EAELASS0084-05',1,35.15,'MRHT53HXAKW856444','Xx-zobam','','installed','Fog Light'),
('XM-EAELASS0086-02',1,6.88,'GHEDZEHRLGJ237205','Xx-zobam','','installed','Headlight'),
('XM-EAELASS0091-02',2,70.10,'5NFMDSJIMMB492412','Xx-zobam','','ordered','Tail light'),
('XM-EAELASS0091-03',1,56.62,'JZKBFXYGWL5900436','Xx-zobam','','installed','Tail light'),
('XM-EAEM0134-02',1,47.42,'FXCJT6N4BUT928292','Xx-zobam','','installed','Central locking system'),
('XM-EAEM0134-03',1,27.96,'NM3BN4RJS1M492634','Xx-zobam','','installed','Central locking system'),
('XM-EAEM0136-03',1,44.80,'GEW8SXH3TWS985107','Xx-zobam','','installed','Cruise control computer'),
('XM-EAEM0138-01',1,18.79,'F253TPAMQK3083569','Xx-zobam','','installed','Engine computer and management system'),
('XM-EAEM0138-02',1,66.74,'3EAZYH5SPE8904041','Xx-zobam','','installed','Engine computer and management system'),
('XM-EAEM0139-02',1,42.35,'VTVE6444244403193','Xx-zobam','','installed','Engine control unit'),
('XM-EAEM0140-02',3,37.07,'2CB6WLH88NB344487','Xx-zobam','','installed','Fuse'),
('XM-EAEM0142-03',1,15.56,'EJET1HMTOKB682315','Xx-zobam','','installed','Performance chip'),
('XM-EAEM0145-03',1,23.71,'GEW8SXH3TWS985107','Xx-zobam','','installed','Remote lock'),
('XM-EAEM0146-02',1,99.66,'GHEDZEHRLGJ237205','Xx-zobam','','installed','Shift improver'),
('XM-EAEM0147-01',1,124.39,'BW4Z2PQG761237438','Xx-zobam','','installed','Speed controller'),
('XM-EAEM0148-03',1,42.20,'03KAPEOTGE8482192','Xx-zobam','','received','Speedometer calibrator'),
('XM-EAEM0150-01',1,20.62,'D244CUCA1UX127908','Xx-zobam','','installed','Wiring connector'),
('XM-EAES0093-01',2,58.29,'2CB6WLH88NB344487','Xx-zobam','','installed','Airbag sensor'),
('XM-EAES0093-05',1,36.37,'HXP0L3Y7NRP032607','Xx-zobam','','installed','Airbag sensor'),
('XM-EAES0094-03',2,87.30,'NM3BN4RJS1M492634','Xx-zobam','','ordered','Anti-pinch sensor'),
('XM-EAES0098-01',1,46.10,'4TJ5T18OMFN710800','Xx-zobam','','installed','Fuel level sensor'),
('XM-EAES0099-01',2,25.31,'BW4Z2PQG761237438','Xx-zobam','','installed','Knock sensor'),
('XM-EAES0100-01',1,4.56,'2CB6WLH88NB344487','Xx-zobam','','installed','Light sensor'),
('XM-EAES0101-02',1,67.09,'KZQ5C1NSWAJ790169','Xx-zobam','','installed','Manifold absolute pressure sensor'),
('XM-EAES0102-03',1,173.57,'Z8KJQAZ0L2C379316','Xx-zobam','','installed','Oxygen sensor'),
('XM-EAES0103-02',1,16.41,'2CB6WLH88NB344487','Xx-zobam','','installed','Power-steering pressure sensor'),
('XM-EAES0106-02',1,46.21,'GHEDZEHRLGJ237205','Xx-zobam','','installed','Rotational sensor'),
('XM-EAES0109-01',3,138.84,'BCTZOAWQMHJ300759','Xx-zobam','','installed','ABS brack sensor'),
('XM-EAES0109-03',1,118.63,'8W38A5ZZFKA123439','Xx-zobam','','ordered','ABS brack sensor'),
('XM-EAES0110-02',1,95.66,'GHEDZEHRLGJ237205','Xx-zobam','','installed','TDC sensor'),
('XM-EAES0112-01',1,65.71,'SO6WD25XQVR636495','Xx-zobam','','ordered','IMA sensor'),
('XM-EAES0120-02',1,21.88,'VWWOX3PM6QD757820','Xx-zobam','','installed','Door switch'),
('XM-EAES0123-01',1,84.42,'BCTZOAWQMHJ300759','Xx-zobam','','installed','Steering column switch'),
('XM-EAES0123-03',1,150.62,'Z8KJQAZ0L2C379316','Xx-zobam','','installed','Steering column switch'),
('XM-EAES0123-05',1,53.21,'YFV4PPW4SW8405660','Xx-zobam','','installed','Steering column switch'),
('XM-EAES0124-04',1,14.14,'1V61QHRD20E210923','Xx-zobam','','ordered','Switch cover'),
('XM-EAES0125-05',1,83.36,'MRHT53HXAKW856444','Xx-zobam','','installed','Switch panel'),
('XM-EAES0126-01',5,172.45,'2Y1UCXYY50T192604','Xx-zobam','','installed','Thermostat'),
('XM-EAES0126-02',1,16.17,'KZQ5C1NSWAJ790169','Xx-zobam','','installed','Thermostat'),
('XM-EAES0127-03',1,67.95,'L712UQJXM4L524142','Xx-zobam','','installed','Frame Switch'),
('XM-EAESS0115-01',4,51.26,'OQPBCN4Y1YB733979','Xx-zobam','','installed','Starter'),
('XM-EAESS0116-01',1,121.57,'SO6WD25XQVR636495','Xx-zobam','','ordered','Starter drive'),
('XM-EAESS0116-02',1,84.39,'KZQ5C1NSWAJ790169','Xx-zobam','','installed','Starter drive'),
('XM-EAESS0117-02',2,41.00,'KZQ5C1NSWAJ790169','Xx-zobam','','installed','Starter Motor'),
('XM-EAEWH0129-02',1,25.07,'VWWOX3PM6QD757820','Xx-zobam','','installed','Engine compartment harness'),
('XM-ICS0153-05',1,93.17,'YFV4PPW4SW8405660','Xx-zobam','','installed','Armrest'),
('XM-ICS0154-01',2,16.81,'4TJ5T18OMFN710800','Xx-zobam','','installed','Bench Seat'),
('XM-ICS0154-02',4,136.21,'3EAZYH5SPE8904041','Xx-zobam','','installed','Bench Seat'),
('XM-ICS0156-01',2,61.18,'4TJ5T18OMFN710800','Xx-zobam','','installed','Children and baby car seat'),
('XM-ICS0157-03',1,98.21,'3P0R7483FP1117876','Xx-zobam','','installed','Fastener'),
('XM-ICS0157-03',1,4.28,'8W38A5ZZFKA123439','Xx-zobam','','ordered','Fastener'),
('XM-ICS0158-02',1,4.10,'2CB6WLH88NB344487','Xx-zobam','','installed','Headrest'),
('XM-ICS0159-02',1,7.36,'SAN8CKZV8O6386790','Xx-zobam','','installed','Seat Belt'),
('XM-ICS0160-02',1,37.41,'VTVE6444244403193','Xx-zobam','','installed','Seat bracket'),
('XM-ICS0160-04',1,54.13,'1V61QHRD20E210923','Xx-zobam','','received','Seat bracket'),
('XM-PACBS0163-01',1,35.03,'F253TPAMQK3083569','Xx-zobam','','installed','Anti-lock braking system'),
('XM-PACBS0164-05',1,25.68,'MRHT53HXAKW856444','Xx-zobam','','installed','ABS steel pin'),
('XM-PACBS0165-01',1,15.54,'5IZQ0A8JNL8536828','Xx-zobam','','ordered','Adjusting mechanism'),
('XM-PACBS0165-01',1,18.33,'D244CUCA1UX127908','Xx-zobam','','installed','Adjusting mechanism'),
('XM-PACBS0168-01',1,23.03,'QVSOV4QTXAE520972','Xx-zobam','','ordered','Brake backing plate'),
('XM-PACBS0173-01',1,9.96,'KW1EHM2N1UB940362','Xx-zobam','','received','Brake line'),
('XM-PACBS0173-02',1,38.24,'VTVE6444244403193','Xx-zobam','','installed','Brake line'),
('XM-PACBS0174-01',1,22.75,'SO6WD25XQVR636495','Xx-zobam','','received','Brake pad'),
('XM-PACBS0174-04',2,17.97,'VLYZ0TBEDGM584853','Xx-zobam','','installed','Brake pad'),
('XM-PACBS0175-01',1,34.12,'D244CUCA1UX127908','Xx-zobam','','installed','Brake pedal'),
('XM-PACBS0180-03',1,93.93,'NM3BN4RJS1M492634','Xx-zobam','','installed','Brake servo'),
('XM-PACBS0183-01',1,71.42,'BW4Z2PQG761237438','Xx-zobam','','installed','Shoe web'),
('XM-PACBS0183-01',1,11.49,'D244CUCA1UX127908','Xx-zobam','','installed','Shoe web'),
('XM-PACBS0185-01',1,30.66,'VTVE6444244403193','Xx-zobam','','installed','Calibrated friction brake'),
('XM-PACBS0188-02',1,59.94,'SO6WD25XQVR636495','Xx-zobam','','ordered','Dual circuit brake system'),
('XM-PACBS0189-03',2,53.20,'NM3BN4RJS1M492634','Xx-zobam','','installed','Hold-down springs'),
('XM-PACBS0193-02',2,18.89,'SLY1Q4WQXLP675951','Xx-zobam','','installed','Brake duct hose'),
('XM-PACBS0194-01',1,44.03,'5IZQ0A8JNL8536828','Xx-zobam','','installed','Hydraulic booster unit'),
('XM-PACBS0194-05',2,12.03,'HXP0L3Y7NRP032607','Xx-zobam','','installed','Hydraulic booster unit'),
('YN-BAE0000-03',1,61.15,'I2Y84J2JYUI249817','Yearin','','received','Bonnet/hood'),
('YN-BAE0001-03',1,8.24,'6WRD8C6784B120048','Yearin','','installed','Bumper'),
('YN-BAE0003-04',1,84.17,'P54475O4N8K403608','Yearin','','installed','Exposed bumper'),
('YN-BAE0009-01',1,27.14,'0JMXH7GQF1K570196','Yearin','','installed','Front fascia and header panel'),
('YN-BAE0010-03',1,53.59,'OQPBCN4Y1YB733979','Yearin','','installed','Grille'),
('YN-BAE0011-02',1,134.24,'Z8KJQAZ0L2C379316','Yearin','','installed','Pillar and hard trim'),
('YN-BAE0012-01',1,0.19,'A1S3JZU0RGM394036','Yearin','','installed','Quarter panel'),
('YN-BAE0017-04',1,1.81,'3P0R7483FP1117876','Yearin','','ordered','Front spoiler'),
('YN-BAE0017-04',1,13.66,'Q6C80HSWMFK634460','Yearin','','installed','Front spoiler'),
('YN-BAE0019-02',1,183.70,'Z8KJQAZ0L2C379316','Yearin','','installed','Trim package'),
('YN-BAE0022-02',1,7.96,'MPXFMDRYC6D036656','Yearin','','installed','Welded assembly'),
('YN-BAED0025-02',1,149.53,'M0S6NVFHN2E042385','Yearin','','installed','Inner door handle'),
('YN-BAED0025-04',1,8.60,'FPJBMT3OOG8061158','Yearin','','installed','Inner door handle'),
('YN-BAED0026-02',2,19.25,'WGVK4P1UIPJ916959','Yearin','','ordered','Door control module'),
('YN-BAEW0034-03',1,24.32,'IQ73NEIBJNB403342','Yearin','','installed','Sunroof'),
('YN-BAEW0035-02',2,12.99,'JZKBFXYGWL5900436','Yearin','','installed','Sunroof motor'),
('YN-BAEW0036-02',1,29.41,'WGVK4P1UIPJ916959','Yearin','','installed','Window motor'),
('YN-BAEW0036-03',1,7.43,'JA7U5AG0WEE170652','Yearin','','ordered','Window motor'),
('YN-BAEW0038-02',2,219.61,'M0S6NVFHN2E042385','Yearin','','installed','Windshield'),
('YN-EAEAD0043-01',1,76.58,'3NED8CVSG6V494138','Yearin','','installed','Radio and media player'),
('YN-EAEAD0043-02',1,28.26,'LYPZILOBZ87153615','Yearin','','installed','Radio and media player'),
('YN-EAEAD0045-03',1,18.05,'6WRD8C6784B120048','Yearin','','installed','Speaker'),
('YN-EAECS0052-01',4,19.47,'A1S3JZU0RGM394036','Yearin','','installed','Other alternator parts'),
('YN-EAECS0052-02',1,48.71,'BQ1P8TA2OBE090669','Yearin','','installed','Other alternator parts'),
('YN-EAEESS0055-02',1,28.30,'BQ1P8TA2OBE090669','Yearin','','received','Battery box'),
('YN-EAEGAM0062-04',1,213.37,'0O56VQ0TP1C342110','Yearin','','installed','Ammeter'),
('YN-EAEGAM0064-02',1,12.29,'WGVK4P1UIPJ916959','Yearin','','ordered','Dynamometer'),
('YN-EAEGAM0066-02',1,203.06,'Z8KJQAZ0L2C379316','Yearin','','installed','Hydrometer'),
('YN-EAEGAM0068-02',1,88.54,'8LPZZLYHF77014597','Yearin','','installed','Speedometer'),
('YN-EAEGAM0069-03',1,37.36,'IQ73NEIBJNB403342','Yearin','','installed','Tachometer'),
('YN-EAEGAM0070-01',4,116.45,'GTTYZXB3YJG754847','Yearin','','installed','Temperature gauge'),
('YN-EAEIS0075-03',1,1.50,'IQ73NEIBJNB403342','Yearin','','installed','Coil wire'),
('YN-EAEIS0080-02',1,59.58,'LYPZILOBZ87153615','Yearin','','installed','Ignition coil parts'),
('YN-EAEIS0080-02',1,22.39,'SMZSGMQWSKI621717','Yearin','','installed','Ignition coil parts'),
('YN-EAELASS0085-02',1,91.22,'L712UQJXM4L524142','Yearin','','installed','Halogen'),
('YN-EAELASS0086-02',2,27.38,'L712UQJXM4L524142','Yearin','','installed','Headlight'),
('YN-EAELASS0086-04',1,24.03,'MRHT53HXAKW856444','Yearin','','installed','Headlight'),
('YN-EAELASS0089-02',1,56.77,'K3MTK4TIJNU760358','Yearin','','installed','License plate lamp'),
('YN-EAELASS0091-04',2,113.27,'3P0R7483FP1117876','Yearin','','received','Tail light'),
('YN-EAELASS0092-01',1,114.80,'2DHOH4P4672123749','Yearin','','installed','Tail light cover'),
('YN-EAEM0137-02',1,19.89,'WGVK4P1UIPJ916959','Yearin','','ordered','Door contact'),
('YN-EAEM0138-02',1,14.50,'M0S6NVFHN2E042385','Yearin','','installed','Engine computer and management system'),
('YN-EAEM0139-01',1,31.95,'2DHOH4P4672123749','Yearin','','installed','Engine control unit'),
('YN-EAEM0139-01',1,20.29,'HXP0L3Y7NRP032607','Yearin','','installed','Engine control unit'),
('YN-EAEM0143-02',1,29.23,'VOCIAMIZKKN350227','Yearin','','ordered','Performance Monitor'),
('YN-EAEM0143-04',1,12.54,'IQ73NEIBJNB403342','Yearin','','installed','Performance Monitor'),
('YN-EAEM0144-02',1,10.95,'0SR7K3TGOVW149442','Yearin','','installed','Relay connector'),
('YN-EAEM0147-02',1,2.81,'JZKBFXYGWL5900436','Yearin','','installed','Speed controller'),
('YN-EAEM0149-02',1,28.74,'MPXFMDRYC6D036656','Yearin','','installed','Transmission computer'),
('YN-EAEM0150-02',1,25.85,'3P0R7483FP1117876','Yearin','','received','Wiring connector'),
('YN-EAES0100-02',1,76.39,'LYPZILOBZ87153615','Yearin','','installed','Light sensor'),
('YN-EAES0100-02',1,50.05,'Z8KJQAZ0L2C379316','Yearin','','installed','Light sensor'),
('YN-EAES0100-04',1,2.78,'IQ73NEIBJNB403342','Yearin','','installed','Light sensor'),
('YN-EAES0101-02',1,45.98,'K3MTK4TIJNU760358','Yearin','','installed','Manifold absolute pressure sensor'),
('YN-EAES0102-02',1,2.11,'MPXFMDRYC6D036656','Yearin','','installed','Oxygen sensor'),
('YN-EAES0105-01',1,18.63,'OMDPS8X50N7546352','Yearin','','installed','Rain sensor'),
('YN-EAES0106-04',1,14.40,'FPJBMT3OOG8061158','Yearin','','installed','Rotational sensor'),
('YN-EAES0108-02',1,80.15,'BQ1P8TA2OBE090669','Yearin','','installed','Transmission input and output sensor'),
('YN-EAES0108-03',2,122.40,'OQPBCN4Y1YB733979','Yearin','','installed','Transmission input and output sensor'),
('YN-EAES0109-02',1,4.39,'VOCIAMIZKKN350227','Yearin','','received','ABS brack sensor'),
('YN-EAES0111-03',1,41.08,'IQ73NEIBJNB403342','Yearin','','installed','MAP sensor'),
('YN-EAES0114-02',5,19.91,'L712UQJXM4L524142','Yearin','','installed','ABS sensor'),
('YN-EAES0124-03',1,11.74,'JA7U5AG0WEE170652','Yearin','','received','Switch cover'),
('YN-EAES0125-02',1,10.02,'VOCIAMIZKKN350227','Yearin','','received','Switch panel'),
('YN-EAES0125-03',1,60.25,'5IZQ0A8JNL8536828','Yearin','','ordered','Switch panel'),
('YN-EAESS0115-01',1,12.44,'OMDPS8X50N7546352','Yearin','','installed','Starter'),
('YN-EAESS0115-03',1,17.08,'6WRD8C6784B120048','Yearin','','installed','Starter'),
('YN-EAESS0116-02',1,12.30,'0SR7K3TGOVW149442','Yearin','','installed','Starter drive'),
('YN-EAEWH0128-01',3,22.85,'HXP0L3Y7NRP032607','Yearin','','installed','Air conditioning harness'),
('YN-EAEWH0128-04',1,88.41,'MRHT53HXAKW856444','Yearin','','installed','Air conditioning harness'),
('YN-EAEWH0131-01',1,97.18,'3NED8CVSG6V494138','Yearin','','installed','Underfloor harness'),
('YN-EAEWH0131-01',1,8.42,'A1S3JZU0RGM394036','Yearin','','installed','Underfloor harness'),
('YN-EAEWH0131-03',3,21.82,'JA7U5AG0WEE170652','Yearin','','installed','Underfloor harness'),
('YN-ICS0157-01',1,8.77,'3NED8CVSG6V494138','Yearin','','installed','Fastener'),
('YN-ICS0158-03',1,17.83,'JA7U5AG0WEE170652','Yearin','','received','Headrest'),
('YN-ICS0159-01',1,0.17,'OMDPS8X50N7546352','Yearin','','installed','Seat Belt'),
('YN-ICS0159-04',1,43.14,'FPJBMT3OOG8061158','Yearin','','installed','Seat Belt'),
('YN-ICS0160-01',1,76.97,'3NED8CVSG6V494138','Yearin','','installed','Seat bracket'),
('YN-ICS0160-02',1,81.59,'8LPZZLYHF77014597','Yearin','','installed','Seat bracket'),
('YN-ICS0162-02',1,30.79,'JZKBFXYGWL5900436','Yearin','','installed','Seat track'),
('YN-ICS0162-04',1,266.98,'0O56VQ0TP1C342110','Yearin','','installed','Seat track'),
('YN-IFCAP0152-02',1,31.77,'L712UQJXM4L524142','Yearin','','installed','Center console'),
('YN-PACBS0163-01',4,126.33,'U6AKQW00N22614671','Yearin','','installed','Anti-lock braking system'),
('YN-PACBS0166-04',1,6.70,'IQ73NEIBJNB403342','Yearin','','installed','Anchor'),
('YN-PACBS0168-04',1,22.59,'Q6C80HSWMFK634460','Yearin','','installed','Brake backing plate'),
('YN-PACBS0172-01',1,37.93,'GTTYZXB3YJG754847','Yearin','','installed','Brake drum'),
('YN-PACBS0178-01',1,5.38,'A1S3JZU0RGM394036','Yearin','','installed','Brake roll'),
('YN-PACBS0179-01',2,9.95,'GTTYZXB3YJG754847','Yearin','','installed','Brake rotor'),
('YN-PACBS0180-02',1,7.57,'0SR7K3TGOVW149442','Yearin','','installed','Brake servo'),
('YN-PACBS0181-01',1,3.98,'OMDPS8X50N7546352','Yearin','','installed','Brake shoe'),
('YN-PACBS0185-02',1,3.43,'SMZSGMQWSKI621717','Yearin','','installed','Calibrated friction brake'),
('YN-PACBS0186-02',1,75.63,'LYPZILOBZ87153615','Yearin','','installed','Caliper'),
('YN-PACBS0193-02',1,135.51,'K3MTK4TIJNU760358','Yearin','','installed','Brake duct hose'),
('YN-PACBS0195-01',1,95.47,'GTTYZXB3YJG754847','Yearin','','installed','Load-sensing valve'),
('YN-PACBS0195-02',1,1.22,'VOCIAMIZKKN350227','Yearin','','installed','Load-sensing valve'),
('YN-PACBS0195-04',1,13.47,'3P0R7483FP1117876','Yearin','','installed','Load-sensing valve'),
('YN-PACBS0196-04',1,45.40,'KCXGZEVS1QW404654','Yearin','','installed','Master Cylinder'),
('YN-PACBS0196-04',2,30.07,'MRHT53HXAKW856444','Yearin','','installed','Master Cylinder'),
('YN-PACBS0198-02',4,26.89,'MPXFMDRYC6D036656','Yearin','','installed','Other braking system parts');

/*Table structure for table `sale_transaction` */

DROP TABLE IF EXISTS `sale_transaction`;

CREATE TABLE `sale_transaction` (
  `salesperson` varchar(50) CHARACTER SET utf8mb4 COLLATE utf8mb4_unicode_ci NOT NULL ,
  `buyer_id` varchar(50) CHARACTER SET utf8mb4 COLLATE utf8mb4_unicode_ci NOT NULL ,
  `vin` varchar(50) CHARACTER SET utf8mb4 COLLATE utf8mb4_unicode_ci NOT NULL ,
  `sale_date` date NOT NULL ,
  `sale_price` decimal(10,2) NOT NULL ,
  `original_purchase_price` decimal(10,2) NOT NULL ,
  PRIMARY KEY (`buyer_id`,`vin`),
  KEY `vin` (`vin`),
  KEY `cid` (`buyer_id`),
  CONSTRAINT `sale_transaction_ibfk_3` FOREIGN KEY (`vin`) REFERENCES `vehicle` (`vin`),
  CONSTRAINT `sale_transaction_ibfk_5` FOREIGN KEY (`buyer_id`) REFERENCES `customer` (`cid`)
) ENGINE=InnoDB DEFAULT CHARSET=utf8mb4 COLLATE=utf8mb4_unicode_ci;

/*Data for the table `sale_transaction` */

insert  into `sale_transaction`(`salesperson`,`buyer_id`,`vin`,`sale_date`,`sale_price`,`original_purchase_price`) values 
('user08','05-7673774','OMJKHKQNFKJ761643','2023-03-31',9647.92,7257.96),
('user21','05-7673774','ZIOB2UP8DA8102221','2023-05-21',3754.35,2543.11),
('user12','06-8876566','Z0405USEZKH796737','2023-05-25',4208.60,2906.51),
('user01','20-2164350','3NED8CVSG6V494138','2023-03-29',5208.14,3706.14),
('user21','20-2164350','65ISMOWUBDU569125','2022-12-28',4818.92,3394.76),
('user20','24-4045456','U2SEQATJQIP647043','2023-06-11',2506.44,1544.78),
('owner','29-6662491','0SR7K3TGOVW149442','2023-04-13',2183.19,1286.18),
('user23','29-6662491','GTTYZXB3YJG754847','2023-07-02',5927.93,4281.97),
('user14','29-6662491','ZR3ABC4M7DZ405619','2022-10-05',3239.14,2130.94),
('user20','35-9898298','1M1GEHMECS1730055','2023-06-18',4095.23,2815.81),
('user07','35-9898298','2CB6WLH88NB344487','2023-04-21',4095.23,2815.81),
('user12','35-9898298','SSSGFBFNIOE995675','2023-08-25',3208.67,2106.56),
('owner','46-6607006','F032TW1LYVD881430','2023-06-12',5089.22,3611.00),
('user08','46-7746081','VWWOX3PM6QD757820','2023-05-23',2153.68,1262.57),
('user12','48-6768847','RH3XN0D50EO772614','2023-01-23',2778.10,1762.11),
('user14','48-6768847','VTVE6444244403193','2023-07-08',2421.45,1476.79),
('user03','49-0400043','KE1QKPKS6Q8459351','2023-07-04',3717.12,2513.32),
('user20','49-0400043','N5QQ2WLB5PL198189','2023-06-19',3808.32,2586.28),
('user25','49-9516264','0JMXH7GQF1K570196','2023-07-09',4877.35,3441.51),
('user23','50-0389893','6WRD8C6784B120048','2022-08-14',3095.58,2016.09),
('user03','51-0247747','U3SEY7BL74U428566','2023-08-24',4778.69,3362.58),
('user25','59-9733673','BCTZOAWQMHJ300759','2023-06-17',6394.72,4655.40),
('user03','62-4702974','6ZG2Z4HYIKW532605','2022-10-15',6383.34,4646.30),
('user03','62-4702974','ETRV7OGUK1A265022','2023-06-10',5138.55,3650.47),
('user08','72-6876442','ELA1OD0NP7S259553','2023-02-16',7374.03,5438.85),
('user20','72-7273493','E5W8EPPWZS0896119','2023-08-13',15398.62,11858.52),
('user21','81-7754883','4TJ5T18OMFN710800','2023-02-19',3913.27,2670.24),
('user14','82-8184602','UDOHJKQNZRU355125','2023-02-09',7772.95,5757.99),
('user01','84-6387554','JZKBFXYGWL5900436','2023-08-07',2971.89,1917.14),
('user23','85-5840713','73HIEJVMY26464395','2023-06-14',6900.35,5059.91),
('user14','85-5840713','Q3TT4GKZDHK659352','2023-07-29',7318.48,5394.41),
('user07','87-8575736','1J538YW76YE281757','2023-05-23',6218.50,4514.43),
('user25','94-7914925','8WLKEABOQM5965804','2023-07-30',3055.53,1984.05),
('user12','96-6692589','D244CUCA1UX127908','2023-05-08',2153.68,1262.57),
('user03','96-6692589','PBJA5AUSTU5098920','2023-06-21',3326.99,2201.22),
('user21','A0262371356','PLMR41N2YPR821121','2023-08-30',3197.04,2097.26),
('user25','A0310274381','Z1QCG3DRQAX515930','2023-08-20',3795.58,2576.09),
('user01','A0461291890','4BW4C1KL6TZ577336','2023-08-20',4598.97,3218.80),
('user03','A0461291890','I4ZQBJWMKGO132368','2023-08-08',3721.18,2516.57),
('user08','A0461291890','WKNIUEPLNDU378894','2023-08-12',6446.82,4697.08),
('user14','A0673790301','EDH6BDC74XY589172','2022-09-28',6982.45,5125.59),
('user14','A0936623718','2DHOH4P4672123749','2023-06-06',5605.33,4023.89),
('user08','A1440687124','U6AKQW00N22614671','2022-12-04',6383.34,4646.30),
('user03','A1440687124','VPER1TKLOPC634179','2022-12-13',2187.54,1289.66),
('user23','A1518047114','5MS17EW23YR611242','2022-11-26',2787.84,1769.90),
('user03','A1518047114','NJFDCKXL34E222565','2022-08-26',8259.93,6147.57),
('user03','A1663169974','UU2VI1MPOCJ886472','2023-08-09',4610.63,3228.13),
('user20','A1981245672','1GIQVMBR2A2798107','2022-12-20',5926.79,4281.06),
('user01','A1981245672','EQ22HWH3DG1475247','2022-10-24',4818.92,3394.76),
('user12','A1981245672','IXZVB277TU2768773','2023-03-01',3884.69,2647.38),
('user23','A2580734753','BW4Z2PQG761237438','2023-08-01',6103.02,4422.04),
('user23','A2836727024','KBYS182F2ID559258','2023-06-03',3410.10,2267.71),
('user12','A3383028473','HRBDCA8RAE0685886','2023-07-04',11330.39,8603.94),
('user23','A3570377285','U4DAG21M25I154677','2023-08-12',5097.73,3617.81),
('owner','A3710653626','8JVUFKHA0TM075506','2022-09-26',5717.79,4113.86),
('user23','A3710653626','J05SWPOXE56492516','2023-08-30',6645.58,4856.09),
('user03','A3910339352','05PN35GUCGU088819','2023-08-12',2455.42,1503.96),
('user08','A3910339352','2YTUEYSLDJG398062','2023-04-10',2050.62,1180.12),
('owner','A3910339352','4BSRNVZZ2CQ691731','2023-06-06',2898.93,1858.77),
('user07','A4366803067','P7NLPCKCGFU554815','2023-07-17',4664.62,3271.32),
('user21','A4532111602','YIRV4C5U8MN581204','2023-06-30',4562.28,3189.45),
('user21','A4599693068','55M41D1AGKW204016','2023-08-12',5730.24,4123.82),
('user21','A4599693068','XUYF42BKSWK479574','2023-07-14',3795.58,2576.09),
('user03','A4604249337','FLACGVUE5FI388538','2023-07-25',3291.88,2173.13),
('user14','A4604249337','JA7YVHAFRLT437706','2023-03-08',3925.45,2679.99),
('user07','A4688720947','F253TPAMQK3083569','2023-08-23',3965.70,2712.19),
('user20','A4688720947','F42NYNK4BK3657449','2023-02-22',3673.10,2478.11),
('user12','A4688720947','N64LL1WC63N759701','2023-08-28',2402.60,1461.71),
('user25','A5517572915','EX0DFWC3FLW639681','2023-06-08',4818.92,3394.76),
('user07','A5517572915','TVFRONGULQ7855167','2023-08-03',1844.10,1014.91),
('user21','A5530386031','2Y1UCXYY50T192604','2022-11-17',8032.67,5965.76),
('user08','A5530386031','MPXFMDRYC6D036656','2023-06-10',2249.82,1339.48),
('owner','A5896813739','2N45QQ7SMY3757149','2023-08-27',4420.47,3076.00),
('owner','A6689897244','PEB0OLCPG6W994144','2023-08-26',2851.38,1820.73),
('user25','A6986218675','8VGJ74SC8UK076966','2022-11-30',4986.34,3528.70),
('user25','A7410218307','ZPSM0A6MZXM357384','2023-06-28',2918.73,1874.61),
('user23','A7994838891','0XPRYKN4QTB854977','2023-05-01',2457.28,1505.45),
('owner','A7994838891','JS0Y5W8KIDC106093','2023-06-13',2052.09,1181.30),
('user07','A9361688715','HJHFHI4TARG736468','2022-12-20',6103.02,4422.04),
('user14','A9416682035','GEW8SXH3TWS985107','2023-08-27',4885.77,3448.24),
('user25','A9416682035','NF2DBQEFZ0N234783','2022-12-26',2898.93,1858.77),
('user01','A9416682035','P54475O4N8K403608','2023-07-26',7127.79,5241.86),
('user01','A9525842110','5T3XYBUNB63008211','2023-07-26',9402.34,7061.50),
('user08','A9661106493','054CB5NHFMK652777','2023-08-30',13528.85,10362.71),
('user03','A9661106493','IUTAUS27FGO848930','2023-03-14',5537.59,3969.70),
('user23','B0867624567','BYNUGAHZM1L977542','2023-06-06',2125.80,1240.27),
('user01','B1456216849','0O56VQ0TP1C342110','2023-07-16',13981.20,10724.59),
('user03','B1456216849','M0S6NVFHN2E042385','2023-06-08',11001.83,8341.09),
('owner','B1731449781','M3VW8YIQKWT779745','2023-01-19',9647.92,7257.96),
('user23','B1731449781','N2VSLYX8OXL077775','2023-07-17',5067.68,3593.77),
('user25','B1961357406','A1GTY6T551Q455502','2023-08-23',3733.32,2526.28),
('user07','B1961357406','MRHV8EI5ETH324409','2023-01-25',4569.92,3195.56),
('user23','B1984877856','J1MG8R7RAZX116769','2023-06-06',5111.74,3629.02),
('user12','B2440929697','MAO8BQ1NDT7049472','2022-10-15',6275.03,4559.65),
('user23','B2440929697','OETQ6SV7QKM285952','2023-07-12',6383.34,4646.30),
('user08','B2598969914','PLPMWBZXIDB972615','2023-08-20',2407.47,1465.60),
('user01','B2638494209','340C5KYKWVM715838','2022-12-26',5683.69,4086.58),
('user03','B3290593615','MRHT53HXAKW856444','2023-08-04',4682.59,3285.70),
('user07','B3290593615','OMDPS8X50N7546352','2023-06-26',2140.69,1252.18),
('user03','B3290593615','PI5K0FV5WKD862880','2023-07-25',6565.14,4791.74),
('user12','B3290593615','PKFGEZTKARS310898','2023-06-12',9487.82,7129.88),
('user25','B3290593615','SMZSGMQWSKI621717','2023-07-20',2501.10,1540.51),
('user08','B3463874026','Q6C80HSWMFK634460','2023-05-30',2308.75,1386.63),
('user23','B5196684007','23VKNWAH4WQ056833','2023-08-31',9647.92,7257.96),
('user08','B5346544142','4HVC60L66KI459720','2023-04-17',3910.70,2668.19),
('user01','B5738835693','2JUBCDLLXSB731848','2023-08-27',3979.94,2723.58),
('owner','B5738835693','FW817ZV3BVG215163','2023-05-03',2971.89,1917.14),
('user21','B5738835693','MM2NLRDRNXX156196','2023-02-24',25621.38,20036.73),
('user12','B6010570650','323F5QUAPKX190724','2023-05-22',2434.90,1487.55),
('user07','B6010570650','IO8AOWYKMLD518556','2023-07-30',4225.99,2920.42),
('user23','B6082349948','15WH5TNL8GD986516','2023-07-26',2305.53,1384.05),
('user21','B6082349948','QV77RP24AZ3546581','2022-08-21',2095.62,1216.12),
('user21','B6334165149','KCXGZEVS1QW404654','2023-07-06',2936.25,1888.63),
('owner','B6334165149','W85FIU0UPWJ342063','2023-05-26',4118.88,2834.73),
('user25','B6364451946','3EAZYH5SPE8904041','2023-01-24',7255.10,5343.71),
('owner','B6364451946','EZ144Z2QAJC644839','2023-06-21',2777.98,1762.01),
('user20','B6847040699','6N5JA7X7LX2749307','2023-07-12',2488.83,1530.69),
('user14','B6847040699','Y0E0QLEFDDC702405','2023-07-20',7063.84,5190.70),
('user21','B7131079555','HTIAUKNL6TA101731','2023-01-15',5413.84,3870.70),
('user03','B7131079555','HUJ762ME6OB336499','2023-04-28',2640.57,1652.08),
('user25','B7131079555','IK0HARFDHRY246462','2023-07-25',6394.72,4655.40),
('user12','B7131079555','QWYUAF6GIGE744209','2023-05-02',5097.73,3617.81),
('user25','B7194397683','2YHAF0V8512939431','2023-07-11',7230.85,5324.31),
('user08','B8644575091','FPJBMT3OOG8061158','2023-03-10',2725.92,1720.36),
('user23','B8786618373','3464CBUBJ3G311266','2023-03-17',4102.99,2822.02),
('user07','B9346967347','ZI36738ITE3999852','2023-04-25',4885.77,3448.24),
('owner','B9782424828','1JRH0ZBVOBE937509','2023-07-17',2062.04,1189.26),
('user14','B9892813591','JS7IRJMSXPC511509','2023-03-29',4335.23,3007.81),
('user23','B9892813591','TRB4XOLO3Y2181257','2023-05-04',5537.59,3969.70),
('user14','B9892813591','YFV4PPW4SW8405660','2023-05-24',8886.55,6648.87),
('user03','B9946174152','OA1F76XJUQS608395','2023-06-09',2980.19,1923.78),
('user07','C0266219877','SLY1Q4WQXLP675951','2023-02-23',4422.09,3077.30),
('user12','C0673239779','8LPZZLYHF77014597','2023-08-08',5269.03,3754.85),
('user20','C1217659257','EUNRBUAUCXQ934676','2023-07-21',2664.05,1670.87),
('user07','C1967459004','K3MTK4TIJNU760358','2023-08-18',7354.92,5423.56),
('user12','C1967459004','SAN8CKZV8O6386790','2023-08-29',1854.25,1023.03),
('user08','C2317543508','R3Q6NWXL5OK028859','2022-09-18',2892.05,1853.27),
('user03','C2776254573','Z8KJQAZ0L2C379316','2023-06-16',9143.60,6854.51),
('user01','C2838238369','RXLO3PC8EG8307071','2023-05-12',2330.32,1403.88),
('user07','C3225068735','LWA5MXOU4MD327938','2023-07-30',6275.03,4559.65),
('user20','C3378134863','MATGJILCBL4124189','2023-08-23',2095.62,1216.12),
('user12','C3612640531','5DAWXIM4EAK735462','2023-08-03',9962.34,7509.50),
('user07','C3839849069','JL4O86VLF1F081674','2023-06-10',12183.23,9286.21),
('user25','C3914994260','5WKWALJ4EQU001163','2023-06-06',2413.53,1470.45),
('owner','C3914994260','VLYZ0TBEDGM584853','2023-06-14',4413.03,3070.05),
('user20','C4236470136','A1S3JZU0RGM394036','2023-01-30',1892.83,1053.89),
('user03','C4236470136','B5Q25XY368S364688','2023-08-29',4067.04,2793.26),
('user03','C4236470136','ZBZRLDKTF22899385','2023-06-08',5683.69,4086.58),
('user14','C4299342425','FXR24KBAHFZ139993','2022-11-02',4118.88,2834.73),
('user12','C4774668646','EV4TH4BF5DQ470200','2023-08-04',2818.27,1794.24),
('user14','C4774668646','OQPBCN4Y1YB733979','2023-07-08',6800.59,4980.10),
('user25','C5211782393','BKO2YY3HI56119138','2023-08-27',19592.55,15213.67),
('owner','C5211782393','T1TFNQC1QZ0222284','2023-02-07',6565.84,4792.30),
('user14','C8271029908','ZMVRJH6HGUZ703892','2023-05-24',4334.49,3007.22),
('user23','C8583214663','V08JG7APNII434369','2023-04-14',2169.75,1275.43),
('user14','C8766275993','DABGHKVUB2D696619','2023-08-23',7738.42,5730.36),
('user21','C8766275993','NNKIP3UNIGZ353715','2023-07-07',6307.92,4585.96),
('user08','C8969012326','AOIDQU2ROYY946376','2023-08-03',8761.90,6549.15),
('user01','C9346888737','MJZ2P85E65M015209','2022-12-21',6121.12,4436.52),
('user12','D0233458616','4RJT1NOLXUG037441','2023-08-26',2101.64,1220.94),
('user08','D0665878931','L6EFDBPTY1B405814','2023-02-23',3008.99,1946.82),
('owner','D0665878931','NV7YPGMDYFH278949','2023-01-17',2421.45,1476.79),
('user12','D0665878931','SC0ZRWACOEM768702','2023-05-06',2918.37,1874.32),
('user14','D0760894831','O1C66KL1VK4840531','2023-02-28',7119.69,5235.38),
('user20','D0760894831','PFRYPJOGJ51531310','2023-08-11',2421.45,1476.79),
('user23','D1357716930','8SGNAEKKQ0B252643','2023-06-01',2828.02,1802.04),
('user23','D2498998888','0A45MTRRJ3K877609','2023-08-09',7063.28,5190.25),
('user20','D2498998888','IZPS1NTRXAH046134','2023-04-02',8790.75,6572.23),
('user07','D2498998888','POBJLZ8FZN0427016','2023-08-15',11359.45,8627.19),
('user21','D2600960022','8UU0VC3VENC905922','2023-03-07',5337.79,3809.86),
('user08','D2600960022','GHEDZEHRLGJ237205','2023-03-26',4754.60,3343.31),
('user01','D3479521146','L712UQJXM4L524142','2023-06-17',4569.92,3195.56),
('user08','D3731035683','I7TC64WMFN3679469','2023-08-20',4118.88,2834.73),
('user07','D4831519171','1MV1LD01B0D736628','2023-02-15',1973.47,1118.40),
('user12','D4831519171','67BQ74RV204502543','2023-03-12',5014.79,3551.46),
('user21','D4831519171','WQGPTZ2HOU7481211','2023-05-30',19569.32,15195.08),
('owner','D5269489570','DBF5M62ODXK242204','2023-04-04',5367.03,3833.25),
('user08','D5269489570','J6OMNLGS2AO161351','2023-07-06',3379.75,2243.43),
('user01','D5508697748','FXCJT6N4BUT928292','2023-07-22',2601.92,1621.16),
('owner','D5508697748','GC27VB8JWCD457186','2022-08-22',2305.53,1384.05),
('user21','D5508697748','UYQXFHB268D227085','2023-03-23',4190.20,2891.79),
('user23','D5950814801','HIEWYKOMDAK597903','2023-07-26',6383.34,4646.30),
('user20','D5950814801','PYWDSWXK5X5262660','2022-12-03',5014.79,3551.46),
('user20','D6100357446','HGHHV1IWCUX780355','2023-07-17',7438.08,5490.09),
('owner','D6100357446','KZQ5C1NSWAJ790169','2023-08-17',5125.40,3639.95),
('user08','D6650795352','036EG6XGHFJ822528','2023-06-28',4281.13,2964.53),
('user01','D6650795352','JE1O6OHJZW1220783','2023-07-13',5093.00,3614.03),
('owner','D6650795352','LYPZILOBZ87153615','2023-04-28',3965.70,2712.19),
('user20','D6889152867','06E4W168GDV777330','2023-03-27',8013.55,5950.47),
('user25','D6889152867','MJT0LBERDE8792947','2023-08-26',4118.88,2834.73),
('user14','D6889152867','O0LX0JY57BT960015','2023-06-29',3158.97,2066.80),
('user23','D7602785929','1C05IGNBBB6823554','2023-06-06',3733.32,2526.28),
('user25','D7602785929','IQ73NEIBJNB403342','2023-08-14',2961.69,1908.98),
('user07','D8191703970','HXP0L3Y7NRP032607','2023-08-22',4817.77,3393.84),
('user08','D8191703970','L535DHDAU62985677','2023-05-30',5939.13,4290.93),
('user08','D8920288787','B1NDXK4VPM8021524','2023-05-23',2305.53,1384.05),
('user14','D8920288787','VJUYVX0SHHT606044','2023-08-11',2001.10,1140.51),
('user14','D9223276847','XNUNZXGY3NC711419','2023-08-14',2918.37,1874.32),
('owner','D9669540937','1P2ISJXQKIW025651','2023-03-02',5089.22,3611.00),
('user14','D9669540937','8CR4YKPMHVR077313','2023-08-29',2635.35,1647.91),
('user07','D9676746157','LRB2H3BHPKX650155','2023-05-01',3283.27,2166.24);

/*Table structure for table `user` */

DROP TABLE IF EXISTS `user`;

CREATE TABLE `user` (
  `username` varchar(50) CHARACTER SET utf8mb4 COLLATE utf8mb4_unicode_ci NOT NULL ,
  `password` varchar(50) CHARACTER SET utf8mb4 COLLATE utf8mb4_unicode_ci NOT NULL ,
  `first_name` varchar(50) CHARACTER SET utf8mb4 COLLATE utf8mb4_unicode_ci NOT NULL ,
  `last_name` varchar(50) CHARACTER SET utf8mb4 COLLATE utf8mb4_unicode_ci NOT NULL ,
  `user_role` varchar(50) CHARACTER SET utf8mb4 COLLATE utf8mb4_unicode_ci DEFAULT NULL ,
  PRIMARY KEY (`username`)
) ENGINE=InnoDB DEFAULT CHARSET=utf8mb4 COLLATE=utf8mb4_unicode_ci;

/*Data for the table `user` */

insert  into `user`(`username`,`password`,`first_name`,`last_name`,`user_role`) values 
('clerk','123456','CC-ONE','clerk','InventoryClerks'),
('manager','123456','MM-ONE','manager','Manager'),
('owner','123456','O-one','owner','Owner'),
('sale','123456','SS-ONE','sale','Salespeople'),
('user01','pass01','Valentine','Rhymes','Salespeople'),
('user02','pass02','Bulah','Heintzman','Manager'),
('user03','pass03','Theodora','Ehmann','Salespeople'),
('user04','pass04','Raul','Hochard','InventoryClerks'),
('user05','pass05','Xuan','Mclaird','InventoryClerks'),
('user06','pass06','Carin','Saylors','InventoryClerks'),
('user07','pass07','Jesusita','Duenas','Salespeople'),
('user08','pass08','Reita','Menter','Salespeople'),
('user09','pass09','Beckie','Meinerding','InventoryClerks'),
('user10','pass10','Sue','Wieser','InventoryClerks'),
('user11','pass11','Iluminada','Husser','InventoryClerks'),
('user12','pass12','James','Parlato','Salespeople'),
('user13','pass13','Arminda','Lindall','InventoryClerks'),
('user14','pass14','Malcolm','Stem','Salespeople'),
('user15','pass15','Raul','Colaizzo','InventoryClerks'),
('user16','pass16','Candida','Pugh','InventoryClerks'),
('user17','pass17','Sharee','Gillaspie','Manager'),
('user18','pass18','Raina','Drymon','InventoryClerks'),
('user19','pass19','Peggie','Toelkes','InventoryClerks'),
('user20','pass20','Luisa','Ruta','Salespeople'),
('user21','pass21','Thaddeus','Malvin','Salespeople'),
('user22','pass22','Clorinda','Chickering','InventoryClerks'),
('user23','pass23','Cheryl','Maillard','Salespeople'),
('user24','pass24','Raylene','Galam','Manager'),
('user25','pass25','Loreta','Vanausdal','Salespeople');

/*Table structure for table `vehicle` */

DROP TABLE IF EXISTS `vehicle`;

CREATE TABLE `vehicle` (
  `vin` varchar(50) CHARACTER SET utf8mb4 COLLATE utf8mb4_unicode_ci NOT NULL ,
  `manufacturer_name` varchar(50) CHARACTER SET utf8mb4 COLLATE utf8mb4_unicode_ci NOT NULL ,
  `vehicle_type` varchar(50) CHARACTER SET utf8mb4 COLLATE utf8mb4_unicode_ci NOT NULL ,
  `model_name` varchar(50) CHARACTER SET utf8mb4 COLLATE utf8mb4_unicode_ci NOT NULL ,
  `model_year` year NOT NULL ,
  `fuel_type` varchar(50) CHARACTER SET utf8mb4 COLLATE utf8mb4_unicode_ci NOT NULL ,
  `vehicle_description` varchar(200) CHARACTER SET utf8mb4 COLLATE utf8mb4_unicode_ci NOT NULL ,
  `mileage` int NOT NULL ,
  `condition` varchar(50) CHARACTER SET utf8mb4 COLLATE utf8mb4_unicode_ci NOT NULL ,
  `sale_price` decimal(10,2) DEFAULT NULL ,
  `colors` varchar(50) CHARACTER SET utf8mb4 COLLATE utf8mb4_unicode_ci NOT NULL ,
  PRIMARY KEY (`vin`)
) ENGINE=InnoDB DEFAULT CHARSET=utf8mb4 COLLATE=utf8mb4_unicode_ci;

/*Data for the table `vehicle` */

insert  into `vehicle`(`vin`,`manufacturer_name`,`vehicle_type`,`model_name`,`model_year`,`fuel_type`,`vehicle_description`,`mileage`,`condition`,`sale_price`,`colors`) values 
('036EG6XGHFJ822528','Aston Martin','Minivan','DB9',2014,'Gas','automatic torque converter;',108519,'Good',3915.59,'Brown'),
('03KAPEOTGE8482192','Geeley','Van','BOYUE/BOYUE L',2016,'Diesel','check the Monroney sticker - theer is nothing better than this vehicle; automatic torque converter; fuel injection;',31167,'Fair',3517.15,'Brown,Metallic'),
('054CB5NHFMK652777','Karma','Coupe','GS-6 PROS',2023,'Gas','great engine;',3558,'Excellent',13208.87,'Bronze'),
('05PN35GUCGU088819','Acura','Minivan','TSX',2014,'Gas','Automotive Service Excellence (ASE);',77920,'Excellent',2244.64,'Pink'),
('06E4W168GDV777330','Dodge','Convertible','RAM 1500 TRUCK',2010,'Gas','no redline;',177500,'Very Good',7438.09,'Red'),
('0A45MTRRJ3K877609','Subaru','Convertible','XV CROSSTREK',2015,'Gas','original equipment manufacturer (OEM) parts;',125991,'Excellent',6487.81,'Green,Orange'),
('0JMXH7GQF1K570196','Dodge','Coupe','RAM 2500',2003,'Gas','sturdy rear axle assembly;',110102,'Very Good',4471.02,'Yellow'),
('0O56VQ0TP1C342110','Karma','Minivan','GS-6 PROS',2023,'Gas','automatic valves; superturbocharger;',2460,'Good',15406.79,'Bronze'),
('0RTZMNEP443530450','Aston Martin','Convertible','V8 VANTAGE',2014,'Gas','',34830,'Excellent',3850.51,'Bronze'),
('0SR7K3TGOVW149442','Rivian','Van','R1T TOMORROW',2023,'Gas','',144334,'Fair',1811.19,'Green'),
('0XPRYKN4QTB854977','Aston Martin','Sedan','DB7',2003,'Gas','front axle assembly; Automotive Service Excellence (ASE);',86721,'Excellent',2031.38,'Metallic'),
('13DN4WJV2HW654524','Toyota','Van','CAMRY',2013,'Gas','coupe;',119068,'Excellent',1264.36,'Tan,Purple'),
('15WH5TNL8GD986516','MINI','Truck','COOPER',2012,'Gas','convertible; gap;',140355,'Excellent',1927.49,'Red'),
('1A8CMLRTUGR146952','Toyota','Minivan','HILUX',2011,'Plugin Hybrid','great engine;',4860,'Fair',6190.90,'Beige'),
('1C05IGNBBB6823554','Lotus','Coupe','EVORA',2011,'Gas','electronic transmission;',106076,'Good',3373.16,'Silver'),
('1GIQVMBR2A2798107','Porsche','SUV','CAYENNE',2004,'Plugin Hybrid','ultra new transmission; oversteer;',76792,'Good',6034.81,'Orange'),
('1HHB3PGRMMK153438','McLaren','Coupe','MP4-12C',2013,'Fuel Cell','',13260,'Fair',1692.56,'Rose'),
('1J538YW76YE281757','Lexus','Van','LX570',2011,'Gas','',2082,'Fair',5643.04,'Red'),
('1JRH0ZBVOBE937509','MAZDA','Minivan','CX-5',2014,'Gas','no understeer;',18580,'Very Good',1541.43,'Rust'),
('1M1GEHMECS1730055','Tesla','Convertible','S',2014,'Plugin Hybrid','original equipment manufacturer (OEM) parts; four-wheel drive;',43950,'Very Good',3540.33,'Gray'),
('1MV1LD01B0D736628','MAZDA','Sedan','B2300',2005,'Gas','sturdy rear axle assembly;',207160,'Fair',1398.00,'Copper,Gray'),
('1P2ISJXQKIW025651','Nio','SUV','ES8 NEW',2023,'Gas','Automotive Service Excellence (ASE); check the Monroney sticker - theer is nothing better than this vehicle;',146172,'Very Good',4696.77,'Beige,Purple'),
('1RMG763RUOZ482821','Audi','Truck','ALLROAD QUATTRO',2013,'Battery','manual transmission;',128265,'Very Good',6117.53,'Black'),
('1U7J5TO2RMU974230','Cadillac','Van','ESCALADE ESV',2008,'Gas','',104570,'Fair',1543.64,'Rust'),
('1V61QHRD20E210923','Geeley','Minivan','BOYUE/BOYUE L',2016,'Battery','no redline; no redline;',82042,'Excellent',3687.09,'Beige,Pink,White'),
('23VKNWAH4WQ056833','Porsche','Convertible','BOXSTER',2006,'Gas','',10488,'Fair',9072.45,'Red'),
('2BEGOJVB21D198188','Volvo','Minivan','V70',2005,'Plugin Hybrid','small spark plug gap;',41505,'Fair',4667.18,'Metallic'),
('2CB6WLH88NB344487','Tesla','Sedan','S',2014,'Gas','automatic transmission; wide cam; safe oil ring;',160473,'Very Good',3880.78,'Blue,Orange,Tan'),
('2DHOH4P4672123749','Geeley','Sedan','XINGYUE L',2023,'Battery','good piston;',160956,'Good',5686.44,'Claret,Tan,White'),
('2JUBCDLLXSB731848','Porsche','Van','CAYMAN',2011,'Battery','high volume cylinder;',16382,'Excellent',3705.83,'Rose'),
('2LUXDFJTYZA796766','Dodge','Minivan','RAM 2500',2009,'Gas','convertible;',11657,'Good',4907.49,'Tan'),
('2MSC0A8PW8U686208','Chevrolet','SUV','TAHOE',2003,'Plugin Hybrid','wide chassis;',48644,'Excellent',5212.09,'Purple,Copper'),
('2N45QQ7SMY3757149','Jeep','Coupe','GRAND CHEROKEE',2012,'Gas','detail;',4506,'Fair',4369.36,'Tan'),
('2Y1UCXYY50T192604','GMC','Minivan','SAVANA 2500',2013,'Gas','automatic torque converter;',60965,'Good',8910.12,'Green,Purple,Rust'),
('2YHAF0V8512939431','Acura','SUV','ZDX',2010,'Gas','active safety features; Automotive Service Excellence (ASE);',60084,'Excellent',7039.12,'Black'),
('2YTUEYSLDJG398062','Kia','SUV','FORTE KOUP',2012,'Gas','',72720,'Excellent',1552.83,'Claret,Metallic'),
('30YUJXKGY7I314746','Lamborghini','Truck','AVENTADOR',2013,'Gas','original equipment manufacturer (OEM) parts; good piston;',57066,'Very Good',3010.20,'Red'),
('323F5QUAPKX190724','Rivian','Sedan','R1S NEW',2023,'Battery','super new ignition system;',123358,'Fair',2022.50,'Red'),
('340C5KYKWVM715838','MAZDA','Van','B4000',2003,'Hybrid','great rpms;',149043,'Very Good',5262.93,'Beige,White'),
('3464CBUBJ3G311266','Ferrari','Coupe','575 M MARANELLO',2005,'Plugin Hybrid','no backfire/backfiring;',17392,'Excellent',3609.59,'White'),
('3EAZYH5SPE8904041','Audi','Sedan','A4 QUATTRO',2002,'Plugin Hybrid','gap;',30354,'Very Good',7105.27,'Rose'),
('3NED8CVSG6V494138','Jaguar','SUV','XFR',2014,'Gas','broad wheelbase; modern dashboard;',13134,'Fair',5144.71,'Copper'),
('3P0R7483FP1117876','Dodge','SUV','ATTITUDE',2009,'Gas','minivan;',149700,'Very Good',5767.80,'Red,Metallic'),
('4BSRNVZZ2CQ691731','Chrysler','Minivan','TOWN & COUNTRY',2012,'Gas','convertible;',89038,'Good',2373.75,'Gold'),
('4BW4C1KL6TZ577336','Audi','Convertible','RS4',2007,'Diesel','original equipment manufacturer (OEM) parts;',3900,'Fair',4508.53,'Orange'),
('4HVC60L66KI459720','MAZDA','Truck','B3000',2003,'Gas','high quality carburetor; no backfire/backfiring;',22666,'Excellent',3573.23,'Maroon'),
('4QL2U7A4H4J019100','Ford','SUV','EXPLORER',2007,'Gas','high differential;',27724,'Good',4595.76,'Rose'),
('4RJT1NOLXUG037441','Bentley','SUV','CONTINENTAL',2015,'Gas','',111896,'Good',1795.60,'Aluminum'),
('4TJ5T18OMFN710800','Toyota','Truck','4RUNNER',2010,'Battery','strong muffler;',11395,'Very Good',3856.65,'Black'),
('55M41D1AGKW204016','Chrysler','Van','VOYAGER',2004,'Gas','front axle assembly;',96380,'Fair',5394.60,'Copper'),
('5DAWXIM4EAK735462','Dodge','Coupe','RAM 1500 TRUCK',2010,'Gas','superturbocharger;',8190,'Very Good',10547.02,'Green'),
('5IZQ0A8JNL8536828','Hyundai','SUV','GENESIS',2010,'Gas','high block; no understeer; wide chassis;',194926,'Excellent',3095.72,'Gray'),
('5JVO4MGJYXC563627','Mitsubishi','SUV','LANCER',2003,'Gas','sport utility vehicle-SUV; high differential;',214962,'Fair',4257.03,'Orange'),
('5L5RPVESTIA976918','INFINITI','Minivan','G37',2008,'Plugin Hybrid','strong muffler; safe oil ring;',151964,'Good',1364.47,'Green'),
('5MS17EW23YR611242','Jeep','Minivan','COMMANDER',2010,'Gas','wide chassis;',167565,'Fair',2267.87,'Navy'),
('5NFMDSJIMMB492412','Lincoln','Coupe','TOWN CAR',2005,'Diesel','check the Monroney sticker - theer is nothing better than this vehicle;',99042,'Fair',6081.54,'Red'),
('5T3XYBUNB63008211','Honda','Sedan','TRX350FE FOURTRAX RANCHER 4X4 ES',2005,'Gas','detail;',84530,'Excellent',9784.70,'Orange'),
('5WKWALJ4EQU001163','MINI','SUV','COOPER COUNTRYMAN',2015,'Natural Gas','',64266,'Good',1994.09,'Claret'),
('63OUTYEBN7D928507','Lincoln','Convertible','TOWN CAR',2011,'Gas','manual transmission;',99484,'Fair',5032.64,'Cream'),
('65ISMOWUBDU569125','Cadillac','Van','CTS',2007,'Diesel','superturbocharger;',84921,'Fair',4243.45,'Bronze'),
('67BQ74RV204502543','Lamborghini','Minivan','GALLARDO',2006,'Gas','high volume cylinder; pickup;',40632,'Fair',4439.33,'Pink'),
('6AZQDNCM3G6215989','Land Rover','Minivan','DISCOVERY',2015,'Gas','crankcase; rear wheel drive;',161200,'Fair',2565.55,'Claret'),
('6LYU65SHD4H127612','Porsche','SUV','CAYMAN',2015,'Gas','',23928,'Fair',3515.18,'Red,Rose'),
('6N5JA7X7LX2749307','Ford','Minivan','EXPEDITION',2011,'Hybrid','small spark plug gap; active safety features;',139500,'Good',1913.36,'Rust'),
('6WRD8C6784B120048','Geeley','Minivan','EMGRAND S',2019,'Gas','high volume cylinder;',11497,'Good',2863.48,'Cream'),
('6ZG2Z4HYIKW532605','smart','Convertible','FORTWO',2010,'Hybrid','high quality carburetor;',126495,'Fair',6041.33,'Gold'),
('72OI8SLM4HN113041','McLaren','Coupe','MP4-12C',2014,'Plugin Hybrid','coupe; unibody construction;',58070,'Excellent',1822.79,'Navy'),
('72SCGHC1RB4779672','Maserati','Convertible','QUATTROPORTE',2012,'Gas','original equipment manufacturer (OEM) parts;',129735,'Fair',2285.83,'Brown'),
('73HIEJVMY26464395','Volkswagen','Van','JETTA',2008,'Gas','rack and pinion steering;',6216,'Good',6659.16,'Maroon,Turquoise,Yellow'),
('7ZGFTG3CJWB276675','XPeng','Coupe','EV',2023,'Plugin Hybrid','four-wheel drive;',52210,'Good',5871.97,'Metallic'),
('8CR4YKPMHVR077313','Karma','Coupe','GS-6 PROS',2023,'Gas','rear wheel drive; crumple zones; automatic valves;',115950,'Excellent',2152.03,'Copper'),
('8FDAK0CPTWA122888','Honda','Minivan','TRX500FE FOURTRAX FOREMAN 4X4 ES',2013,'Gas','no backfire/backfiring;',39708,'Fair',1724.32,'Tan'),
('8JVUFKHA0TM075506','MAZDA','Convertible','MX-5 MIATA',2011,'Gas','superturbocharger;',191186,'Excellent',5355.10,'Brown'),
('8LPZZLYHF77014597','Volvo','Minivan','S40',2009,'Gas','no understeer;',198456,'Good',5415.10,'Bronze,Gray,Rose'),
('8SGNAEKKQ0B252643','Hyundai','Truck','SONATA',2009,'Plugin Hybrid','',41010,'Excellent',2339.10,'Metallic'),
('8U653RXUMZY984495','Chevrolet','Van','VOLT',2012,'Gas','sturdy side impact beams; Automotive Service Excellence (ASE);',151216,'Fair',5121.96,'Red'),
('8UU0VC3VENC905922','Land Rover','Coupe','RANGE ROVER SPORT',2010,'Diesel','manual transmission;',5090,'Good',5367.45,'Blue,Cream'),
('8VGJ74SC8UK076966','MAZDA','Coupe','CX-9',2010,'Gas','super new ignition system;',87102,'Very Good',5045.09,'Silver'),
('8W38A5ZZFKA123439','McLaren','Convertible','P1',2014,'Hybrid','automatic torque converter;',31607,'Very Good',6988.82,'Navy'),
('8WLKEABOQM5965804','Buick','Minivan','REGAL',2013,'Battery','great engine; great rpms; minivan;',19770,'Excellent',2734.09,'Turquoise'),
('A1GTY6T551Q455502','Lotus','Sedan','EVORA',2011,'Gas','sturdy rear axle assembly; high volume cylinder;',61770,'Excellent',3633.41,'Claret,Rust,Pink'),
('A1S3JZU0RGM394036','Rivian','Sedan','R1T',2023,'Gas','high quality carburetor;',67510,'Excellent',1354.17,'Copper'),
('A58PSDYJWYD029917','Tesla','Minivan','ROADSTER',2008,'Battery','ultra new transmission;',45288,'Good',2405.36,'Navy'),
('ANW7EMLQVI6782246','Jeep','Minivan','LIBERTY',2006,'Gas','best possible traction; engine displacement;',148550,'Excellent',1958.05,'Navy'),
('AOIDQU2ROYY946376','XPeng','Minivan','G6',2021,'Gas','great rpms; gap; good piston;',4801,'Excellent',8560.40,'Pink,Red'),
('B1NDXK4VPM8021524','MINI','Truck','COOPER',2013,'Gas','wide chassis; small spark plug gap;',55260,'Very Good',1730.06,'Yellow'),
('B5Q25XY368S364688','Nio','Truck','ET7',2021,'Gas','hatchback;',111552,'Very Good',3708.61,'Gray'),
('B68KFH50SOO194215','smart','Coupe','FORTWO',2010,'Gas','no redline; drum brake;',10158,'Excellent',6079.20,'Black'),
('BCTZOAWQMHJ300759','Alfa Romeo','Van','SPIDER',2008,'Hybrid','four-wheel drive;',27144,'Excellent',6219.20,'Maroon'),
('BH6Z8Q8YUSV665327','Mitsubishi','SUV','OUTLANDER',2003,'Hybrid','air filtration system;',110124,'Excellent',2506.02,'Purple'),
('BJIK4PRL350875445','Honda','Truck','TRX500FPA FOURTRAX FOREMAN RUBICON',2014,'Gas','',44326,'Very Good',5724.46,'Maroon'),
('BKO2YY3HI56119138','GMC','Truck','YUKON',2015,'Gas','wide transaxle;',2454,'Very Good',19544.12,'Claret,Gold'),
('BQ1P8TA2OBE090669','Volvo','SUV','C70',2005,'Gas','sturdy rear axle assembly;',216546,'Good',3575.48,'Tan'),
('BROAYF3JXYB733688','Ferrari','Coupe','CALIFORNIA',2013,'Gas','hydraulic brakes; power train; active safety features;',49090,'Excellent',1724.09,'Maroon'),
('BV7ZLIZN0R2917777','GMC','Van','SIERRA 3500 HD',2008,'Gas','overdrive; drum brake; best oil pump;',95020,'Fair',5345.60,'Tan'),
('BW4Z2PQG761237438','Dodge','Sedan','JOURNEY',2012,'Diesel','wide transaxle; automatic transmission;',12749,'Very Good',5820.05,'Copper'),
('BYNUGAHZM1L977542','Honda','Convertible','TRX90X',2014,'Hybrid','',80420,'Excellent',1694.32,'Claret'),
('CNBSW7RMXAE536762','Alfa Romeo','Coupe','SPIDER',2008,'Hybrid','',14916,'Very Good',5819.25,'Green'),
('CXGQS7AZP6I329568','Volvo','Coupe','XC60',2011,'Fuel Cell','',97260,'Excellent',2504.89,'Tan'),
('D244CUCA1UX127908','McLaren','Minivan','MP4-12C',2013,'Gas','minivan;',13893,'Excellent',1710.15,'Blue'),
('DABGHKVUB2D696619','Ford','Convertible','FIESTA IKON',2014,'Gas','front axle assembly;',2900,'Very Good',7272.61,'Yellow'),
('DBF5M62ODXK242204','Dodge','Coupe','DAKOTA',2010,'Gas','manual transmission; good piston; high quality carburetor;',48386,'Good',5184.19,'Orange'),
('E5W8EPPWZS0896119','Nio','Coupe','ES8 NEW',2021,'Hybrid','convertible;',8580,'Excellent',16598.15,'Rust'),
('EDH6BDC74XY589172','Acura','Sedan','TL',2003,'Gas','automatic torque converter;',36240,'Very Good',6927.42,'Orange'),
('EJET1HMTOKB682315','Dodge','SUV','RAM 2500 TRUCK',2004,'Gas','normally aspirated; wide cam;',21925,'Very Good',1799.54,'Gray'),
('ELA1OD0NP7S259553','Volkswagen','Convertible','R32',2008,'Gas','drum brake; best possible traction; wide chassis;',16304,'Very Good',6836.14,'Aluminum'),
('EQ22HWH3DG1475247','Cadillac','Minivan','CTS',2012,'Gas','can be used as sports car;',14318,'Fair',4522.40,'White'),
('EQPAH1SUF8O016349','Karma','Minivan','GSe-6',2023,'Gas','no backfire/backfiring;',16545,'Excellent',10239.64,'Copper'),
('ETRV7OGUK1A265022','MAZDA','Coupe','MPV',2006,'Gas','autotachometer;',3538,'Excellent',4563.09,'Rose'),
('EUNRBUAUCXQ934676','Subaru','Minivan','FORESTER',2010,'Gas','original equipment manufacturer (OEM) parts;',33884,'Very Good',2194.17,'Bronze'),
('EV4TH4BF5DQ470200','Maserati','Truck','QUATTROPORTE',2006,'Hybrid','minivan;',11695,'Very Good',2442.75,'Bronze'),
('EWUO21O8D0P959813','Bentley','Sedan','MULSANNE',2012,'Diesel','fuel injection; wide transaxle;',6250,'Fair',3303.44,'Aluminum,Orange,Tan'),
('EX0DFWC3FLW639681','Cadillac','Coupe','CTS',2009,'Gas','hatchback; high torque;',19166,'Fair',4910.02,'Navy'),
('EYTJ0RTAAHK130156','smart','Coupe','FORFOUR',2005,'Hybrid','best oil pump;',39320,'Good',6672.45,'Rust'),
('EZ144Z2QAJC644839','Audi','Convertible','A8 QUATTRO',2003,'Diesel','small spark plug gap;',69820,'Excellent',2360.07,'Aluminum,Bronze,Green'),
('EZ308PJB831681306','Chrysler','Minivan','PROWLER',2002,'Gas','best suspension;',16716,'Excellent',3009.41,'White'),
('F032TW1LYVD881430','Nio','Truck','ES8 NEW',2023,'Gas','crumple zones;',134835,'Very Good',5068.19,'Beige'),
('F253TPAMQK3083569','Ferrari','Minivan','458 ITALIA',2013,'Diesel','station wagon (Also known as wagon.);',72556,'Good',3600.77,'Gold'),
('F37VOS4G0QV020629','Maserati','SUV','QUATTROPORTE',2007,'Gas','high block;',52831,'Excellent',2242.80,'Aluminum,White'),
('F42NYNK4BK3657449','Lincoln','Coupe','MKX',2007,'Diesel','high block;',92236,'Fair',3416.16,'Gray'),
('FA7LJ664E04088299','BMW','SUV','F800GS',2012,'Gas','supernew catalytic converter;',25446,'Very Good',1947.00,'Maroon'),
('FAQ8F8F300A215860','Lexus','Coupe','GS350',2009,'Gas','automatic torque converter;',2224,'Good',6525.07,'Aluminum'),
('FLACGVUE5FI388538','Jaguar','Sedan','XKR',2003,'Gas','innovative air bags;',101265,'Good',3040.29,'Silver'),
('FPJBMT3OOG8061158','Nissan','Sedan','350Z',2005,'Gas','',70100,'Excellent',2457.35,'Gray'),
('FW817ZV3BVG215163','Hyundai','Coupe','ACCENT',2009,'Diesel','small spark plug gap;',11612,'Very Good',2396.43,'Purple'),
('FXCJT6N4BUT928292','XPeng','Minivan','G6',2020,'Gas','unibody construction;',29688,'Excellent',2186.17,'White'),
('FXR24KBAHFZ139993','Aston Martin','Minivan','V8 VANTAGE',2009,'Battery','automatic torque converter;',39454,'Good',3652.16,'Brown'),
('GC27VB8JWCD457186','MINI','Sedan','COOPER',2002,'Diesel','no understeer; strong muffler;',120780,'Fair',1730.06,'Yellow'),
('GEW8SXH3TWS985107','Land Rover','SUV','RANGE ROVER',2008,'Plugin Hybrid','pickup;',61620,'Excellent',4802.26,'Pink,Yellow'),
('GHEDZEHRLGJ237205','BMW','Coupe','F800GT',2013,'Plugin Hybrid','can be used as sports car;',86082,'Excellent',4702.76,'Rust'),
('GNJQGN3RWIT431179','Nio','Van','ES9 FUTURE',2023,'Diesel','super new ignition system;',64530,'Good',4020.84,'Blue'),
('GTTYZXB3YJG754847','Alfa Romeo','SUV','4C',2014,'Gas','great engine;',7898,'Very Good',5970.94,'Silver'),
('GZ81MW85M47387080','Jaguar','Minivan','XKR-S',2015,'Fuel Cell','super new ignition system;',3720,'Fair',4094.33,'Gray'),
('HGHHV1IWCUX780355','Land Rover','Minivan','RANGE ROVER SPORT',2015,'Gas','good gear;',2940,'Very Good',8227.65,'Silver'),
('HIEWYKOMDAK597903','smart','SUV','FORTWO',2005,'Plugin Hybrid','no redline; manual transmission; best possible traction;',148598,'Excellent',6561.79,'Rose'),
('HJHFHI4TARG736468','Dodge','Coupe','JOURNEY',2015,'Plugin Hybrid','air filtration system;',58340,'Fair',6007.43,'White'),
('HRBDCA8RAE0685886','Chrysler','Truck','VOYAGER',2007,'Gas','power train; Automotive Service Excellence (ASE);',1568,'Excellent',10754.93,'Claret'),
('HTIAUKNL6TA101731','Honda','SUV','VT750C SHADOW AERO',2009,'Diesel','',55444,'Very Good',4999.73,'Beige'),
('HUJ762ME6OB336499','Chrysler','Convertible','SEBRING',2009,'Gas','best oil pump;',80010,'Fair',2065.10,'Rose'),
('HXP0L3Y7NRP032607','GMC','SUV','TERRAIN',2012,'Fuel Cell','',4512,'Very Good',4786.03,'Turquoise'),
('I2Y84J2JYUI249817','Nissan','Coupe','NV200',2014,'Gas','check the Monroney sticker - theer is nothing better than this vehicle;',36204,'Good',4405.05,'Black'),
('I4ZQBJWMKGO132368','Lincoln','Convertible','MKT',2014,'Gas','Automotive Service Excellence (ASE);',67371,'Very Good',3365.57,'Orange'),
('I5E5PHXL5CF199096','Kia','Coupe','OPTIMA',2010,'Gas','',22229,'Excellent',3730.45,'Yellow'),
('I7TC64WMFN3679469','Aston Martin','SUV','V8 VANTAGE',2009,'Gas','',58960,'Very Good',3885.11,'Beige,Bronze'),
('IHYW5EQH7SL835482','Mitsubishi','Convertible','ENDEAVOR',2005,'Gas','engine displacement; oversteer;',28431,'Good',4461.80,'Yellow,Rust'),
('IK0HARFDHRY246462','Alfa Romeo','Coupe','SPIDER',2008,'Fuel Cell','oversteer;',19756,'Good',5819.25,'Bronze,Tan,White'),
('IO8AOWYKMLD518556','Volkswagen','Coupe','POINTER TRUCK',2006,'Diesel','best possible traction;',2280,'Good',3909.95,'Metallic'),
('IQ73NEIBJNB403342','Cadillac','SUV','XLR',2005,'Gas','good piston; original equipment manufacturer (OEM) parts; front axle assembly;',46908,'Fair',2695.84,'Red'),
('IUTAUS27FGO848930','Bentley','Coupe','ARNAGE',2004,'Gas','',44422,'Very Good',4962.13,'Orange'),
('IXZVB277TU2768773','INFINITI','Convertible','FX35',2009,'Gas','',103600,'Very Good',3415.30,'Yellow'),
('IZPS1NTRXAH046134','smart','Convertible','CABRIO',2005,'Gas','high block;',14060,'Very Good',9098.33,'White'),
('J05SWPOXE56492516','Buick','SUV','LESABRE',2003,'Gas','normally aspirated;',37811,'Very Good',6398.99,'Copper'),
('J1MG8R7RAZX116769','Bentley','Sedan','BROOKLANDS',2008,'Gas','Automotive Service Excellence (ASE);',185212,'Very Good',4677.43,'Gray'),
('J6OMNLGS2AO161351','Toyota','Minivan','CELICA',2003,'Gas','good gear; high volume cylinder;',32270,'Good',3047.60,'Beige'),
('JA36JFM31V4526050','Chrysler','Sedan','VOYAGER',2002,'Gas','pickup; sturdy rear axle assembly;',42815,'Excellent',5238.06,'Bronze'),
('JA7U5AG0WEE170652','Lotus','Truck','EXIGE',2010,'Gas','automatic transmission;',224140,'Very Good',1840.04,'Blue'),
('JA7YVHAFRLT437706','Ford','Minivan','ECOSPORT',2004,'Plugin Hybrid','',191840,'Excellent',3462.33,'Gold'),
('JBPIGW2CI42143239','Volkswagen','Minivan','JETTA',2010,'Natural Gas','modern dashboard;',37976,'Excellent',5186.05,'Maroon'),
('JE1O6OHJZW1220783','Toyota','Van','SIENNA',2008,'Battery','superturbocharger; best suspension;',21236,'Excellent',5085.58,'Purple'),
('JL4O86VLF1F081674','MAZDA','Convertible','TRIBUTE',2009,'Gas','',3780,'Fair',11931.45,'White'),
('JS0Y5W8KIDC106093','Mercedes-Benz','Minivan','GLA200',2015,'Gas','',111588,'Fair',1793.43,'Rust'),
('JS7IRJMSXPC511509','Lincoln','Truck','LS',2003,'Gas','drum brake;',28236,'Excellent',3759.76,'Beige'),
('JZKBFXYGWL5900436','Hyundai','Coupe','ACCENT',2002,'Diesel','manual transmission; drive shaft; automatic transmission;',3156,'Very Good',2608.81,'Yellow'),
('K3MTK4TIJNU760358','Rivian','Minivan','R1T TOMORROW',2023,'Gas','crumple zones; active safety features;',13916,'Fair',7136.85,'Rust'),
('K4IZJXWXWJR973290','Porsche','Convertible','BOXSTER',2013,'Fuel Cell','disc brake;',11582,'Very Good',9459.63,'Brown'),
('KBYS182F2ID559258','Ferrari','Coupe','F430',2007,'Diesel','high volume cylinder;',97020,'Excellent',2995.39,'Turquoise'),
('KCXGZEVS1QW404654','Lincoln','Coupe','AVIATOR',2004,'Diesel','power train;',43930,'Fair',2592.90,'Yellow'),
('KE1QKPKS6Q8459351','Tesla','Convertible','X',2014,'Gas','high block;',6466,'Good',3299.43,'Rose,Silver'),
('KEZRVGOFFMA250868','smart','Truck','FORTWO',2005,'Plugin Hybrid','good gear;',141752,'Very Good',6281.04,'Rose,Silver'),
('KW1EHM2N1UB940362','Acura','Sedan','RLX',2015,'Plugin Hybrid','great stabilizer bar;',93317,'Excellent',2270.11,'Tan'),
('KZQ5C1NSWAJ790169','Subaru','SUV','WRX',2014,'Battery','wide transaxle; best suspension; four-wheel drive;',47208,'Fair',5292.38,'Beige'),
('L3ETEZZL0ER968032','BMW','Van','750I XDRIVE',2012,'Gas','best sedan;',17159,'Excellent',2894.10,'Brown'),
('L535DHDAU62985677','Acura','Coupe','CL',2003,'Gas','great rpms;',239400,'Excellent',5471.63,'Brown'),
('L6EFDBPTY1B405814','Mitsubishi','Coupe','FM-MR',2004,'Battery','station wagon (Also known as wagon.);',4466,'Very Good',2489.47,'Brown'),
('L712UQJXM4L524142','Buick','Convertible','RENDEZVOUS',2006,'Gas','Automotive Service Excellence (ASE);',49100,'Excellent',4543.70,'Pink'),
('LLPNU12CY5C440662','FIAT','Coupe','GRANDE PUNTO',2007,'Diesel','great engine;',16783,'Good',1937.20,'Copper'),
('LQHDVXVOOUT107133','Maserati','Convertible','QUATTROPORTE',2010,'Battery','Automotive Service Excellence (ASE);',17536,'Excellent',2242.80,'Metallic'),
('LRB2H3BHPKX650155','Toyota','Coupe','LAND CRUISER',2011,'Diesel','coupe;',120700,'Fair',2707.80,'Tan'),
('LWA5MXOU4MD327938','Lotus','Minivan','ELISE',2007,'Gas','electronic transmission;',71409,'Fair',6091.62,'Pink'),
('LYPZILOBZ87153615','Ferrari','Coupe','458 ITALIA',2011,'Gas','sturdy rear axle assembly;',36660,'Good',3896.93,'Purple'),
('M0S6NVFHN2E042385','Nio','SUV','ET5',2023,'Diesel','',20160,'Excellent',11072.76,'Cream,Green,Metallic'),
('M3VW8YIQKWT779745','Porsche','Van','BOXSTER',2011,'Gas','very hard struts;',82098,'Fair',10751.19,'Maroon'),
('M4E2PBWXZFJ700371','Toyota','Sedan','PRIUS',2013,'Battery','',9816,'Excellent',6661.39,'Rose'),
('MAO8BQ1NDT7049472','Lotus','Convertible','ELISE',2007,'Battery','broad wheelbase;',52935,'Fair',6301.56,'Maroon'),
('MATGJILCBL4124189','Lotus','Sedan','ESPRIT',2003,'Gas','good gear; front wheel drive; high differential;',121895,'Fair',1620.92,'Bronze'),
('ME064DUO8S0025936','Jaguar','Convertible','XJ8',2003,'Natural Gas','all passive safety features;',106449,'Good',2006.91,'Yellow'),
('MJT0LBERDE8792947','Aston Martin','Convertible','V8 VANTAGE',2008,'Gas','fuel injection; electronic transmission;',95532,'Very Good',3543.41,'White'),
('MJZ2P85E65M015209','Kia','Coupe','SPECTRA',2007,'Gas','',4645,'Very Good',6057.38,'Copper'),
('MM2NLRDRNXX156196','XPeng','Coupe','EV',2021,'Battery','',3366,'Very Good',26830.43,'Claret'),
('MPXFMDRYC6D036656','GMC','Truck','C7500 TOPKICK',2004,'Gas','strong muffler;',38248,'Excellent',2015.58,'Orange'),
('MRHT53HXAKW856444','Acura','Truck','CSX',2007,'Gas','no backfire/backfiring;',96907,'Fair',4746.79,'Metallic'),
('MRHV8EI5ETH324409','Buick','Coupe','RENDEZVOUS',2004,'Plugin Hybrid','innovative air bags;',41332,'Fair',4068.72,'Silver'),
('MTBE6DK55IO892347','Audi','Minivan','A5',2012,'Gas','safe oil ring; modern dashboard;',97128,'Good',4413.65,'Gray'),
('N2VSLYX8OXL077775','Volvo','SUV','XC90',2009,'Gas','great stabilizer bar; supernew catalytic converter; fuel injection;',160263,'Excellent',4696.15,'Beige'),
('N5QQ2WLB5PL198189','Honda','Van','VTX1300S',2007,'Gas','oversteer;',4818,'Fair',3505.56,'Gold'),
('N64LL1WC63N759701','Buick','Convertible','CENTURY',2002,'Gas','',51956,'Excellent',2071.22,'Bronze'),
('NF2DBQEFZ0N234783','Chrysler','Minivan','TOWN & COUNTRY',2012,'Hybrid','original equipment manufacturer (OEM) parts;',27741,'Fair',2323.46,'Yellow'),
('NJFDCKXL34E222565','Chevrolet','Minivan','SILVERADO 2500',2004,'Gas','',2480,'Fair',8080.94,'Brown'),
('NKY5WJPCYVC675161','smart','Sedan','FORTWO',2006,'Gas','',5170,'Excellent',7439.98,'Metallic'),
('NLYCMW5DAS5194596','Jeep','Minivan','COMMANDER',2007,'Plugin Hybrid','high torque;',48980,'Excellent',2293.68,'Navy'),
('NM3BN4RJS1M492634','Maserati','Van','QUATTROPORTE',2011,'Hybrid','sport utility vehicle-SUV; rack and pinion steering; can be used as sports car;',5694,'Fair',4753.32,'Turquoise'),
('NNKIP3UNIGZ353715','Jeep','SUV','COMPASS',2008,'Gas','no backfire/backfiring;',11240,'Good',6509.45,'Aluminum,Maroon'),
('NRQQC5OQ0F4586467','MINI','SUV','COOPER',2002,'Diesel','sport utility vehicle-SUV;',119856,'Very Good',1870.48,'Rose'),
('NV7YPGMDYFH278949','Lamborghini','Minivan','MURCIELAGO',2009,'Plugin Hybrid','drive shaft;',72676,'Very Good',1845.99,'White'),
('NVHYWIDW4WI400980','Toyota','Minivan','SEQUOIA',2002,'Plugin Hybrid','minivan;',9198,'Fair',4457.25,'Green'),
('O0LX0JY57BT960015','Lincoln','Coupe','MKC',2015,'Gas','check the Monroney sticker - theer is nothing better than this vehicle;',65130,'Excellent',2583.50,'Pink'),
('O1C66KL1VK4840531','Lincoln','Sedan','MKZ',2008,'Battery','hatchback;',47132,'Fair',7240.83,'White'),
('OA1F76XJUQS608395','Volvo','Coupe','C30',2007,'Natural Gas','high block;',64038,'Excellent',2433.78,'Beige'),
('OETQ6SV7QKM285952','smart','Coupe','FORTWO',2012,'Battery','front wheel drive;',130956,'Excellent',6240.25,'Beige'),
('OMDPS8X50N7546352','Jaguar','Minivan','XKR-S',2015,'Plugin Hybrid','great engine;',112765,'Fair',1603.97,'Navy'),
('OMJKHKQNFKJ761643','Porsche','Truck','BOXSTER',2008,'Gas','overdrive;',135960,'Very Good',9647.92,'Rose'),
('OQPBCN4Y1YB733979','McLaren','Van','P1',2014,'Gas','pickup;',48764,'Excellent',8026.24,'Green'),
('OY3DWMTTXNP309610','GMC','Truck','SIERRA 1500 HD',2002,'Gas','hydraulic brakes; high differential; very hard struts;',162834,'Very Good',2409.06,'Aluminum,Rust'),
('P54475O4N8K403608','Nissan','Coupe','TITAN',2012,'Gas','',92472,'Excellent',7241.23,'Tan'),
('P7NLPCKCGFU554815','Mercedes-Benz','SUV','C63 AMG',2009,'Hybrid','modern dashboard; great engine;',26448,'Very Good',4089.15,'Green'),
('PBJA5AUSTU5098920','Subaru','Truck','BAJA',2003,'Gas','Automotive Service Excellence (ASE);',40565,'Fair',2751.53,'Bronze'),
('PEB0OLCPG6W994144','Mitsubishi','SUV','MIRAGE',2014,'Diesel','overdrive; high block;',103968,'Fair',2482.73,'Cream'),
('PFRYPJOGJ51531310','Lamborghini','Coupe','MURCIELAGO',2002,'Natural Gas','',11223,'Good',1973.22,'Silver'),
('PI5K0FV5WKD862880','Hyundai','Coupe','ENTOURAGE',2009,'Battery','autotachometer;',161138,'Fair',7021.17,'Claret'),
('PKFGEZTKARS310898','Volkswagen','Truck','GTI',2015,'Plugin Hybrid','ultra new transmission; wide transaxle;',2051,'Fair',9575.50,'Green,Turquoise'),
('PLMR41N2YPR821121','Buick','Truck','VERANO',2015,'Fuel Cell','automatic torque converter;',32308,'Fair',2621.58,'Aluminum'),
('PLPMWBZXIDB972615','Jeep','Coupe','GRAND CHEROKEE',2009,'Gas','very hard struts;',53045,'Fair',1832.00,'Maroon'),
('POBJLZ8FZN0427016','Lamborghini','Convertible','GALLARDO',2009,'Gas','active safety features;',2354,'Good',11028.97,'Beige'),
('PYWDSWXK5X5262660','Lamborghini','SUV','GALLARDO',2014,'Hybrid','hydraulic brakes;',27663,'Very Good',4908.30,'Red'),
('Q3TT4GKZDHK659352','Nissan','Van','ARMADA',2008,'Gas','sport utility vehicle-SUV;',89232,'Excellent',7124.61,'Green,Aluminum'),
('Q6C80HSWMFK634460','Jeep','SUV','LIBERTY',2009,'Gas','oversteer;',228880,'Excellent',1941.04,'Green'),
('QF6QBNKTPSA019446','GMC','SUV','YUKON XL 2500',2010,'Battery','ultra new transmission;',44280,'Fair',3940.62,'Gray'),
('QPMO737UII0340028','Geeley','Minivan','EMGRAND S',2019,'Gas','normally aspirated; electronic transmission; pickup;',110011,'Fair',1546.32,'Bronze,Tan'),
('QV77RP24AZ3546581','Lotus','Coupe','ESPRIT',2002,'Gas','no redline;',40120,'Good',1520.15,'Rose'),
('QVSOV4QTXAE520972','MAZDA','Sedan','MIATA',2004,'Hybrid','high block; best suspension;',24560,'Good',2128.90,'Brown'),
('QWYUAF6GIGE744209','Jaguar','Sedan','X-TYPE',2008,'Gas','drum brake;',163760,'Excellent',4701.25,'Copper'),
('R3Q6NWXL5OK028859','BMW','Coupe','F650CS',2003,'Gas','normally aspirated;',46985,'Fair',2476.14,'Pink'),
('RAZB0H0MQX5869731','Lotus','Coupe','ELISE',2007,'Gas','no understeer;',34484,'Excellent',5829.19,'Gold'),
('RH3XN0D50EO772614','FIAT','Convertible','DUCATO',2011,'Diesel','best sedan;',59912,'Good',2296.05,'Metallic'),
('RP3I3QO2BYF582498','INFINITI','Van','FX35',2003,'Gas','front axle assembly;',90372,'Very Good',3803.09,'Turquoise'),
('RRRZH6PBRYY000587','Jaguar','Minivan','XJR',2006,'Gas','',31663,'Good',3023.75,'Aluminum'),
('RTV8NXYO2D4310350','Tesla','Van','ROADSTER',2008,'Gas','strong muffler; can be used as sports car; overdrive;',133827,'Very Good',2288.21,'Turquoise'),
('RXLO3PC8EG8307071','Maserati','Coupe','COUPE',2003,'Gas','',189546,'Good',1950.84,'Navy'),
('SAN8CKZV8O6386790','Mitsubishi','Truck','FE145CC',2010,'Gas','safe oil ring;',72600,'Excellent',1515.21,'Aluminum'),
('SC0ZRWACOEM768702','Acura','Convertible','RL',2006,'Gas','active safety features;',71290,'Good',2469.55,'Black'),
('SL5LRZAJFUI810871','Mitsubishi','Coupe','FE145CC',2011,'Gas','anti-lock brake system (ABS); crankcase;',20246,'Good',1392.27,'Claret'),
('SLY1Q4WQXLP675951','Nio','Van','ES9 FUTURE',2023,'Gas','',124596,'Excellent',4207.08,'Yellow'),
('SMZSGMQWSKI621717','Aston Martin','Van','DBS',2012,'Gas','no understeer;',164564,'Excellent',2203.04,'Gold'),
('SO6WD25XQVR636495','Porsche','Van','CARRERA GT',2006,'Hybrid','',142615,'Fair',7676.12,'Brown,Navy,Turquoise'),
('SPE2WMY887O932788','Lotus','Coupe','ELISE',2005,'Plugin Hybrid','gap;',123636,'Excellent',6304.52,'Tan'),
('SSSGFBFNIOE995675','Buick','Van','WILDCAT',2015,'Gas','front axle assembly;',36225,'Excellent',2722.51,'Claret'),
('T1TFNQC1QZ0222284','Alfa Romeo','Truck','BRERA',2008,'Gas','',208050,'Excellent',6114.71,'Navy'),
('TJY1H16Y6DA687801','Chevrolet','Van','TORNADO',2013,'Gas','normally aspirated;',99103,'Very Good',1326.23,'Rose'),
('TOIFP5YHHJC099537','Maserati','Van','SPYDER',2003,'Gas','supernew catalytic converter;',2118,'Fair',3917.70,'Gray'),
('TRB4XOLO3Y2181257','Bentley','Sedan','ARNAGE',2009,'Gas','wide cam; can be used as sports car;',31579,'Excellent',5432.41,'Brown'),
('TVFRONGULQ7855167','INFINITI','Convertible','G37',2011,'Hybrid','sturdy side impact beams;',22628,'Fair',1400.67,'Rust'),
('U1GXDUQ2NVP642154','Nio','Truck','ET7',2019,'Gas','drive shaft;',50967,'Excellent',4050.32,'Aluminum'),
('U2SEQATJQIP647043','Lexus','Sedan','RX400H',2008,'Gas','broad wheelbase;',17232,'Good',1930.98,'Pink'),
('U3SEY7BL74U428566','Acura','Van','MDX',2003,'Battery','sturdy rear axle assembly; automatic torque converter;',6405,'Fair',4738.77,'Black,Red'),
('U4DAG21M25I154677','Jaguar','Coupe','X-TYPE',2008,'Diesel','best oil pump;',31719,'Very Good',4740.77,'Aluminum,Claret,Silver'),
('U6AKQW00N22614671','smart','Coupe','FORTWO',2006,'Gas','pickup; disc brake;',110094,'Good',6629.41,'Red,Turquoise'),
('U8CPVV20LCB872591','Nissan','Truck','VERSA',2013,'Gas','',16636,'Very Good',2119.06,'Gold'),
('UAITKQ7KMQN776987','Jaguar','Sedan','X-TYPE',2002,'Diesel','pickup;',17172,'Excellent',5052.91,'Purple'),
('UDK1102XNQ4362369','Mercedes-Benz','Coupe','SLK55 AMG',2013,'Fuel Cell','autotachometer;',64783,'Excellent',5856.19,'Red'),
('UDOHJKQNZRU355125','Audi','Sedan','S7',2013,'Plugin Hybrid','no understeer;',216200,'Very Good',7908.18,'Black'),
('UKRLDVVBSZZ487336','Jeep','Van','COMPASS',2008,'Gas','',39064,'Excellent',5732.45,'Silver'),
('UU2VI1MPOCJ886472','Alfa Romeo','Truck','GIULIETTA',2012,'Hybrid','super new ignition system;',8355,'Very Good',4224.43,'Green'),
('UVK0K4YAN4D361432','Buick','Convertible','LACROSSE',2010,'Plugin Hybrid','wide chassis;',25356,'Very Good',6959.24,'Rust'),
('UYQXFHB268D227085','Mitsubishi','Truck','FK260',2008,'Gas','best oil pump;',138390,'Excellent',3731.99,'Red'),
('V08JG7APNII434369','Lexus','Coupe','RX330',2004,'Gas','crumple zones;',116832,'Very Good',1875.15,'Claret'),
('V73RJYYHEIT850422','Mitsubishi','Coupe','MONTERO',2011,'Gas','Automotive Service Excellence (ASE); front wheel drive; coupe;',92452,'Very Good',7237.49,'Beige'),
('VJUYVX0SHHT606044','Land Rover','Truck','LR2',2011,'Plugin Hybrid','active safety features;',50725,'Fair',1552.56,'Gray'),
('VLYZ0TBEDGM584853','Mitsubishi','Coupe','FE125',2011,'Gas','active safety features; great rpms;',11988,'Excellent',4454.05,'Rose'),
('VOCIAMIZKKN350227','Ferrari','SUV','599 GTB',2009,'Battery','high block;',65982,'Excellent',1759.88,'Silver'),
('VPER1TKLOPC634179','Buick','Minivan','ALLURE',2007,'Gas','station wagon (Also known as wagon.); high block;',199040,'Excellent',1719.17,'Gray'),
('VTJI8XXO2CO552773','Honda','SUV','TRX250TM FOURTRAX RECON',2007,'Gas','',6708,'Good',2397.89,'Maroon,Metallic'),
('VTVE6444244403193','Lamborghini','Minivan','MURCIELAGO',2004,'Gas','very hard struts;',17022,'Excellent',2287.98,'White'),
('VWWOX3PM6QD757820','McLaren','SUV','MP4-12C',2014,'Gas','crumple zones;',40212,'Fair',1837.48,'Gray'),
('W17V1HTH5IW129737','Lexus','Sedan','LS600H',2012,'Gas','rear wheel drive; disc brake; convertible;',5994,'Very Good',5187.65,'Rust'),
('W1R2THVZD6L234135','McLaren','Minivan','MP4-12C',2012,'Gas','automatic torque converter;',214540,'Fair',1657.18,'Aluminum'),
('W85FIU0UPWJ342063','Aston Martin','Coupe','V8 VANTAGE',2009,'Gas','wide cam;',57304,'Good',3734.26,'Pink'),
('WGVK4P1UIPJ916959','Subaru','SUV','FORESTER',2009,'Gas','good piston; sturdy rear axle assembly; high differential;',119696,'Excellent',2469.57,'Copper'),
('WKNIUEPLNDU378894','Land Rover','Convertible','RANGE ROVER EVOQUE',2014,'Gas','high volume cylinder; high differential;',24504,'Excellent',6167.70,'Cream,Purple,Tan'),
('WQGPTZ2HOU7481211','Nio','Van','ES8 NEW',2023,'Battery','front axle assembly;',13960,'Very Good',19235.37,'Yellow'),
('WWMN8RWHPDM674733','Bentley','Minivan','AZURE',2010,'Gas','pickup;',165618,'Good',4319.65,'White'),
('XJMTKD21FUV756318','MINI','Coupe','COOPER',2002,'Gas','superturbocharger;',142515,'Good',1835.59,'Blue'),
('XNUNZXGY3NC711419','Acura','Convertible','RL',2008,'Gas','high quality carburetor;',125226,'Excellent',2488.29,'Aluminum,Orange'),
('XPBUWRX56F6412345','Porsche','Convertible','CAYMAN',2015,'Gas','superturbocharger; pickup;',33560,'Good',4050.32,'Rose'),
('XUYF42BKSWK479574','Mercedes-Benz','Convertible','E500',2003,'Gas','high differential;',36360,'Excellent',3323.53,'Black,Maroon'),
('Y0E0QLEFDDC702405','XPeng','SUV','G9',2023,'Fuel Cell','rack and pinion steering;',11624,'Excellent',6714.27,'Rose'),
('YA0EN8KRBAN266216','Ferrari','Coupe','CALIFORNIA',2010,'Battery','sturdy rear axle assembly;',43370,'Good',1782.20,'Pink'),
('YFV4PPW4SW8405660','Lotus','Coupe','ELISE',2011,'Diesel','best possible traction;',7209,'Very Good',9564.69,'Gray'),
('YIRV4C5U8MN581204','Hyundai','Minivan','TUCSON',2005,'Gas','safe oil ring; sturdy rear axle assembly; great engine;',21762,'Fair',4416.86,'Black'),
('Z0405USEZKH796737','Volvo','Sedan','XC70',2015,'Battery','convertible;',2652,'Good',4237.80,'Navy,Purple,Turquoise'),
('Z1QCG3DRQAX515930','Mercedes-Benz','Sedan','E500',2015,'Gas','coupe;',12132,'Excellent',3507.15,'Yellow'),
('Z8KJQAZ0L2C379316','Acura','Minivan','ZDX',2012,'Plugin Hybrid','',8563,'Very Good',10032.22,'Claret'),
('ZBZRLDKTF22899385','MAZDA','Van','B4000',2005,'Gas','great engine; oversteer;',128760,'Very Good',5548.25,'Pink,Tan'),
('ZDNMEDH0CHN556637','Hyundai','Sedan','ELANTRA GT',2015,'Gas','coupe; good piston; safe oil ring;',142636,'Very Good',4769.93,'Rose'),
('ZI36738ITE3999852','Land Rover','Minivan','RANGE ROVER',2004,'Gas','',68581,'Fair',4590.11,'Brown'),
('ZIOB2UP8DA8102221','Jaguar','Convertible','VANDEN PLAS',2008,'Gas','great engine;',74286,'Very Good',3434.13,'Purple,White'),
('ZMVRJH6HGUZ703892','Ram','Convertible','PROMASTER 1500',2014,'Gas','automatic torque converter; disc brake;',29055,'Excellent',4142.46,'Rose'),
('ZO6LSHSSJHC695220','Audi','Convertible','A1',2012,'Hybrid','Automotive Service Excellence (ASE);',44060,'Fair',1649.46,'Orange'),
('ZPSM0A6MZXM357384','Toyota','Coupe','COROLLA',2012,'Hybrid','best possible traction;',12686,'Good',2390.74,'Blue'),
('ZR3ABC4M7DZ405619','Buick','SUV','RAINIER',2006,'Gas','',123315,'Excellent',2663.68,'Aluminum'),
('ZUG6F1Z7LAY309325','Toyota','SUV','CAMRY',2013,'Gas','rack and pinion steering;',85132,'Very Good',1264.36,'Black,Cream,White');

/*Table structure for table `vehicle_color` */

DROP TABLE IF EXISTS `vehicle_color`;

CREATE TABLE `vehicle_color` (
  `vin` varchar(50) CHARACTER SET utf8mb4 COLLATE utf8mb4_unicode_ci NOT NULL ,
  `color` varchar(50) CHARACTER SET utf8mb4 COLLATE utf8mb4_unicode_ci NOT NULL ,
  PRIMARY KEY (`vin`,`color`),
  CONSTRAINT `vehicle_color_ibfk_1` FOREIGN KEY (`vin`) REFERENCES `vehicle` (`vin`)
) ENGINE=InnoDB DEFAULT CHARSET=utf8mb4 COLLATE=utf8mb4_unicode_ci;

/*Data for the table `vehicle_color` */

/*Table structure for table `vehicle_type` */

DROP TABLE IF EXISTS `vehicle_type`;

CREATE TABLE `vehicle_type` (
  `vtype` varchar(50) CHARACTER SET utf8mb4 COLLATE utf8mb4_unicode_ci NOT NULL ,
  PRIMARY KEY (`vtype`)
) ENGINE=InnoDB DEFAULT CHARSET=utf8mb4 COLLATE=utf8mb4_unicode_ci;

/*Data for the table `vehicle_type` */

insert  into `vehicle_type`(`vtype`) values 
('Convertible'),
('Coupe'),
('Minivan'),
('Other'),
('Sedan'),
('SUV'),
('Truck'),
('Van');

/*Table structure for table `vendor` */

DROP TABLE IF EXISTS `vendor`;

CREATE TABLE `vendor` (
  `vendor_name` varchar(50) CHARACTER SET utf8mb4 COLLATE utf8mb4_unicode_ci NOT NULL ,
  `street` varchar(50) CHARACTER SET utf8mb4 COLLATE utf8mb4_unicode_ci DEFAULT NULL ,
  `city` varchar(50) CHARACTER SET utf8mb4 COLLATE utf8mb4_unicode_ci DEFAULT NULL ,
  `state` varchar(50) CHARACTER SET utf8mb4 COLLATE utf8mb4_unicode_ci DEFAULT NULL ,
  `postal_code` varchar(50) CHARACTER SET utf8mb4 COLLATE utf8mb4_unicode_ci DEFAULT NULL ,
  `vendor_phone_number` varchar(50) CHARACTER SET utf8mb4 COLLATE utf8mb4_unicode_ci DEFAULT NULL ,
  PRIMARY KEY (`vendor_name`)
) ENGINE=InnoDB DEFAULT CHARSET=utf8mb4 COLLATE=utf8mb4_unicode_ci;

/*Data for the table `vendor` */

insert  into `vendor`(`vendor_name`,`street`,`city`,`state`,`postal_code`,`vendor_phone_number`) values 
('Bioholding','1080 13-street','Laredo','VA','20618','4708285765'),
('Doncon','4134 1-street','Honolulu','CO','53516','8634240978'),
('Donquadtech','6342 10-street','Greensboro','NJ','21568','4330271138'),
('Dontechi','1980 19-street','Kansas City','AZ','15321','4349799101'),
('Donware','1082 16-street','Jersey City','CA','46411','3524489162'),
('Faxquote','3533 14-street','San Antonio','TX','45774','8628022276'),
('Green-Plus','8190 14-street','Anaheim','CA','47198','4949676580'),
('Isdom','3447 3-street','Colorado Springs','NE','42275','7773737055'),
('J-Texon','6594 20-street','Louisville/Jefferson County','OR','75254','4336879232'),
('Konmatfix','5602 11-street','St. Paul','OH','82076','5826379602'),
('Newex','1421 7-street','Chula Vista','IN','29195','6597177673'),
('Ontomedia','430 11-street','Buffalo','NJ','52404','1287442780'),
('Plusstrip','9626 13-street','Pittsburgh','AK','27911','3314841835'),
('Rundofase','1671 17-street','Lexington-Fayette','PA','31823','1145674122'),
('Scotfind','7881 14-street','San Francisco','CA','78014','6602654784'),
('Stanredtax','3849 17-street','Chicago','IL','88447','9669721351'),
('Streethex','321 9-street','Fresno','CA','53376','3157040219'),
('Sumace','9854 19-street','Cincinnati','MN','20643','2740994602'),
('Xx-zobam','2887 11-street','Arlington','LA','95543','1024912710'),
('Yearin','15 7-street','Detroit','MI','19807','4600382366');

/*!40101 SET SQL_MODE=@OLD_SQL_MODE */;
/*!40014 SET FOREIGN_KEY_CHECKS=@OLD_FOREIGN_KEY_CHECKS */;
/*!40014 SET UNIQUE_CHECKS=@OLD_UNIQUE_CHECKS */;
/*!40111 SET SQL_NOTES=@OLD_SQL_NOTES */;
